labels,year,ISO_code,countries,region,hf_score,hf_rank,hf_quartile,pf_rol_procedural,pf_rol_civil,pf_rol_criminal,pf_rol,pf_ss_homicide,pf_ss_disappearances_disap,pf_ss_disappearances_violent,pf_ss_disappearances_organized,pf_ss_disappearances_fatalities,pf_ss_disappearances_injuries,pf_ss_disappearances,pf_ss_women_fgm,pf_ss_women_inheritance_widows,pf_ss_women_inheritance_daughters,pf_ss_women_inheritance,pf_ss_women,pf_ss,pf_movement_domestic,pf_movement_foreign,pf_movement_women,pf_movement,pf_religion_estop_establish,pf_religion_estop_operate,pf_religion_estop,pf_religion_harassment,pf_religion_restrictions,pf_religion,pf_association_association,pf_association_assembly,pf_association_political_establish,pf_association_political_operate,pf_association_political,pf_association_prof_establish,pf_association_prof_operate,pf_association_prof,pf_association_sport_establish,pf_association_sport_operate,pf_association_sport,pf_association,pf_expression_killed,pf_expression_jailed,pf_expression_influence,pf_expression_control,pf_expression_cable,pf_expression_newspapers,pf_expression_internet,pf_expression,pf_identity_legal,pf_identity_sex_male,pf_identity_sex_female,pf_identity_sex,pf_identity_divorce,pf_identity,pf_score,pf_rank,ef_government_consumption,ef_government_transfers,ef_government_enterprises,ef_government_tax_income,ef_government_tax_payroll,ef_government_tax,ef_government_soa,ef_government,ef_legal_judicial,ef_legal_courts,ef_legal_protection,ef_legal_military,ef_legal_integrity,ef_legal_enforcement,ef_legal_restrictions,ef_legal_police,ef_legal_crime,ef_legal_gender,ef_legal,ef_money_growth,ef_money_sd,ef_money_inflation,ef_money_currency,ef_money,ef_trade_tariffs_revenue,ef_trade_tariffs_mean,ef_trade_tariffs_sd,ef_trade_tariffs,ef_trade_regulatory_nontariff,ef_trade_regulatory_compliance,ef_trade_regulatory,ef_trade_black,ef_trade_movement_foreign,ef_trade_movement_capital,ef_trade_movement_visit,ef_trade_movement,ef_trade,ef_regulation_credit_ownership,ef_regulation_credit_private,ef_regulation_credit_interest,ef_regulation_credit,ef_regulation_labor_minwage,ef_regulation_labor_firing,ef_regulation_labor_bargain,ef_regulation_labor_hours,ef_regulation_labor_dismissal,ef_regulation_labor_conscription,ef_regulation_labor,ef_regulation_business_adm,ef_regulation_business_bureaucracy,ef_regulation_business_start,ef_regulation_business_bribes,ef_regulation_business_licensing,ef_regulation_business_compliance,ef_regulation_business,ef_regulation,ef_score,ef_rank
0,2017-01-01,LKA,Sri Lanka,South Asia,6.41,110.0,3.0,3.7,4.5,4.8,4.5,9.1,5.0,10.0,5.0,10.0,10.0,8.0,10.0,,,0.0,5.0,7.4,10.0,10.0,10.0,10.0,,,7.5,7.4,5.7,6.9,5.0,5.0,,,5.0,,,5.0,,,7.5,5.5,10.0,10.0,4.3,3.8,7.5,7.5,7.5,7.2,7.0,0.0,0.0,0.0,2.5,3.2,6.25,114.0,8.2,9.3,7.0,9.0,8.0,8.5,5.1,7.6,4.8,3.7,5.0,5.0,5.8,3.6,7.6,5.0,5.9,0.9,4.9,8.0,8.8,8.5,5.0,7.6,6.4,8.1,4.3,6.3,5.2,,5.2,10.0,5.4,0.0,0.0,1.8,5.8,5.0,7.7,10.0,7.6,10.0,4.1,6.7,8.0,0,10.0,6.5,3.4,5.6,9.6,3.5,9.5,8.6,6.7,6.9,6.57,104.0
0,2017-01-01,PAK,Pakistan,South Asia,5.69,140.0,4.0,1.9,3.7,3.8,3.5,8.3,0.0,9.0,2.5,8.2,7.9,5.5,10.0,,,0.0,5.0,6.3,10.0,0.0,2.5,4.2,,,2.5,6.0,3.7,4.0,7.5,7.5,,,10.0,,,10.0,,,10.0,9.0,9.5,9.9,3.7,2.5,10.0,7.5,7.5,7.2,10.0,0.0,10.0,5.0,2.5,5.8,5.47,140.0,8.2,9.2,4.0,8.0,8.0,8.0,5.7,7.0,4.5,4.3,4.6,2.5,5.0,3.7,6.4,4.2,3.6,0.7,3.6,8.6,8.9,9.2,0.0,6.7,7.9,7.6,5.9,7.1,4.9,3.3,4.1,10.0,4.9,0.8,0.8,2.2,5.8,8.0,6.3,10.0,8.1,1.1,4.9,5.2,6.0,2.6,10.0,5.0,4.4,5.3,9.4,3.7,6.6,6.7,6.0,6.4,5.91,136.0
0,2017-01-01,COG,"Congo, Rep. Of",SubSaharan Africa,5.8,137.0,4.0,,,,3.4,6.3,5.0,10.0,5.0,10.0,10.0,8.0,10.0,,,7.5,8.8,7.7,10.0,0.0,2.5,4.2,,,10.0,9.5,8.5,9.4,10.0,2.5,,,10.0,,,10.0,,,10.0,8.5,10.0,8.1,1.7,2.0,10.0,7.5,7.5,6.7,,10.0,10.0,10.0,7.5,8.8,6.52,100.0,4.7,9.9,4.0,5.0,3.0,4.0,5.4,5.6,3.1,3.6,,5.0,3.3,3.0,4.4,,,0.7,3.1,7.6,5.5,9.9,0.0,5.7,9.3,7.6,7.0,8.0,4.0,0.0,2.0,10.0,,1.5,1.5,1.5,5.4,0.0,7.9,10.0,6.0,1.1,,,4.0,7.5,10.0,5.7,,1.1,7.6,,8.2,3.3,5.1,5.6,5.08,154.0
0,2017-01-01,ETH,Ethiopia,SubSaharan Africa,5.25,153.0,4.0,2.3,3.9,3.4,3.3,7.0,5.0,10.0,2.5,9.8,9.9,7.4,3.5,,,7.5,5.5,6.6,10.0,0.0,10.0,6.7,,,2.5,8.1,6.0,5.6,0.0,0.0,,,2.5,,,2.5,,,2.5,1.5,10.0,9.5,0.3,0.5,7.5,7.5,2.5,5.4,,0.0,0.0,0.0,7.5,3.8,4.77,153.0,7.0,9.1,4.0,7.0,3.0,5.0,2.8,5.6,4.5,4.3,5.3,1.7,7.5,5.5,7.0,5.0,5.7,0.8,4.7,9.0,8.9,8.0,0.0,6.5,3.2,6.5,5.3,5.0,4.7,3.3,4.0,10.0,4.4,0.0,0.2,1.5,5.1,2.0,9.2,10.0,7.1,6.7,4.5,5.5,10.0,7,10.0,7.3,4.6,2.4,8.4,4.0,8.7,6.6,5.8,6.7,5.72,143.0
0,2017-01-01,TCD,Chad,SubSaharan Africa,5.46,147.0,4.0,,,,3.1,6.4,5.0,8.7,2.5,8.6,10.0,7.0,6.2,,,5.0,5.6,6.3,5.0,5.0,10.0,6.7,,,7.5,9.2,7.8,8.2,5.0,5.0,,,7.5,,,7.5,,,7.5,6.5,10.0,10.0,2.7,2.5,10.0,7.5,10.0,7.5,,0.0,0.0,0.0,5.0,2.5,5.49,139.0,10.0,9.9,8.0,1.0,1.0,1.0,8.2,7.4,1.8,2.8,3.3,2.7,,2.2,6.5,2.9,3.2,0.7,2.7,8.8,8.7,9.8,0.0,6.8,,6.4,6.2,6.3,3.7,0.8,2.2,10.0,3.5,1.5,1.4,2.1,5.2,2.0,5.9,10.0,6.0,5.0,4.2,6.1,6.0,7.9,3.0,5.4,3.4,0.9,6.2,2.1,7.2,1.4,3.5,5.0,5.42,150.0
0,2017-01-01,CMR,Cameroon,SubSaharan Africa,5.64,143.0,4.0,2.3,3.7,2.8,3.0,9.4,5.0,9.1,2.5,6.8,8.0,6.3,9.9,,,7.5,8.7,8.1,0.0,5.0,2.5,2.5,,,7.5,8.5,7.7,7.9,7.5,2.5,,,5.0,,,5.0,,,7.5,5.5,10.0,7.9,2.7,4.3,7.5,7.5,7.5,6.8,,0.0,0.0,0.0,7.5,3.8,5.43,141.0,7.7,9.6,7.0,5.0,4.0,4.5,5.9,6.9,3.4,4.1,5.2,5.0,3.3,2.2,3.5,5.3,4.3,0.6,3.2,9.9,9.5,9.9,0.0,7.3,3.8,6.4,6.3,5.5,5.1,0.0,2.5,10.0,5.7,1.5,0.6,2.6,5.2,5.0,6.5,10.0,7.2,7.2,4.9,6.8,8.0,7,10.0,7.3,4.1,3.3,9.3,2.9,8.7,3.0,5.2,6.6,5.84,140.0
0,2017-01-01,GAB,Gabon,SubSaharan Africa,5.99,132.0,4.0,,,,4.1,6.8,10.0,10.0,5.0,10.0,9.8,9.0,10.0,,,7.5,8.8,8.2,5.0,0.0,2.5,2.5,,,7.5,9.9,9.4,8.9,5.0,2.5,,,2.5,,,2.5,,,7.5,4.0,10.0,10.0,2.0,3.8,7.5,7.5,2.5,6.2,,10.0,10.0,10.0,7.5,8.8,6.1,120.0,4.5,9.8,10.0,5.0,2.0,3.5,3.7,6.3,,4.4,5.1,3.3,5.0,2.9,4.3,6.4,5.9,0.8,4.2,7.2,7.8,9.5,0.0,6.1,,6.5,6.1,6.3,5.6,3.6,4.6,10.0,6.6,1.5,0.2,2.8,5.9,5.0,9.3,10.0,8.1,7.2,5.8,6.0,8.0,8.5,10.0,7.6,4.4,2.7,8.9,3.7,6.4,2.9,4.8,6.8,5.88,138.0
0,2017-01-01,MAR,Morocco,Middle East & North Africa,6.18,125.0,4.0,2.1,5.4,3.7,4.2,9.2,10.0,10.0,5.0,10.0,10.0,9.0,10.0,,,0.0,5.0,7.7,10.0,10.0,7.5,9.2,,,2.5,8.1,2.7,4.4,7.5,2.5,,,2.5,,,5.0,,,7.5,5.0,10.0,8.9,2.3,3.8,10.0,7.5,7.5,7.1,,0.0,0.0,0.0,2.5,1.3,5.68,135.0,4.5,7.3,8.0,5.0,3.0,4.0,7.3,6.2,4.7,4.6,6.4,6.7,6.7,5.0,7.5,7.6,6.9,0.8,5.6,9.6,9.7,9.8,0.0,7.3,9.3,7.7,3.5,6.8,5.2,7.8,6.5,10.0,6.7,0.8,7.4,5.0,7.1,8.0,8.4,10.0,8.8,1.1,3.9,7.4,8.0,5.3,10.0,5.9,4.9,5.8,9.7,4.3,9.5,8.3,7.1,7.3,6.69,92.0
0,2017-01-01,GHA,Ghana,SubSaharan Africa,6.94,70.0,2.0,5.1,6.2,5.1,5.7,9.2,10.0,10.0,7.5,10.0,10.0,9.5,9.6,,,2.5,6.1,8.2,10.0,10.0,10.0,10.0,,,7.5,8.8,8.0,8.1,7.5,7.5,,,7.5,,,7.5,,,7.5,7.5,10.0,10.0,7.0,6.8,10.0,7.5,10.0,8.8,,0.0,10.0,5.0,2.5,3.8,7.3,65.0,8.5,9.6,6.0,9.0,5.0,7.0,8.9,8.0,5.9,5.4,5.6,5.0,4.2,3.7,7.1,6.2,5.6,0.9,5.2,7.2,8.8,7.5,0.0,5.9,7.3,7.6,7.0,7.3,5.6,4.0,4.8,10.0,6.4,3.8,2.5,4.3,6.6,8.0,7.2,10.0,8.4,10.0,5.8,6.0,8.0,0,10.0,6.6,4.7,5.8,9.4,3.5,8.1,7.5,6.5,7.2,6.58,103.0
0,2017-01-01,TZA,Tanzania,SubSaharan Africa,6.26,118.0,3.0,3.3,5.0,3.9,4.2,7.5,5.0,10.0,7.5,10.0,10.0,8.5,9.0,,,0.0,4.5,6.8,10.0,5.0,10.0,8.3,,,5.0,8.3,6.0,6.4,7.5,5.0,,,2.5,,,5.0,,,5.0,5.0,10.0,10.0,3.0,4.5,10.0,10.0,5.0,7.5,0.0,0.0,10.0,5.0,2.5,2.5,5.75,130.0,6.5,10.0,7.0,8.0,4.0,6.0,3.8,6.7,4.6,4.7,5.2,6.7,8.3,5.7,7.0,5.6,5.1,0.9,5.7,9.9,9.2,8.9,5.0,8.3,7.3,7.4,5.1,6.6,4.9,0.8,2.8,10.0,5.0,1.5,10.0,5.5,6.2,8.0,8.3,10.0,8.8,5.6,4.4,5.9,10.0,8.3,5.0,6.5,4.4,2.0,8.5,3.9,7.9,7.7,5.7,7.0,6.77,87.0
0,2017-01-01,MMR,Myanmar,South Asia,5.44,148.0,4.0,1.5,3.7,2.9,3.0,9.1,5.0,6.9,5.0,8.6,9.9,7.1,10.0,,,7.5,8.8,8.3,0.0,0.0,2.5,0.8,,,7.5,6.9,4.7,6.3,7.5,7.5,,,5.0,,,7.5,,,7.5,7.0,9.4,9.4,2.3,2.8,10.0,10.0,10.0,7.7,0.0,0.0,10.0,5.0,2.5,2.5,5.26,144.0,3.8,9.9,7.0,9.0,9.0,9.0,4.3,6.8,2.7,3.9,3.4,2.5,5.0,1.9,7.0,,3.9,0.9,3.6,8.1,9.5,9.1,0.0,6.7,9.2,8.7,7.3,8.4,,0.9,0.9,10.0,3.9,0.8,0.0,1.5,5.2,0.0,8.0,10.0,6.0,7.8,,,8.0,4,0.0,4.9,,5.3,9.3,2.2,9.4,6.8,6.6,5.9,5.63,148.0
0,2017-01-01,TUN,Tunisia,Middle East & North Africa,6.08,129.0,4.0,3.2,4.9,4.3,4.8,8.8,10.0,10.0,5.0,9.9,9.9,9.0,10.0,,,0.0,5.0,7.6,0.0,5.0,10.0,5.0,,,7.5,8.0,3.8,6.5,7.5,7.5,,,7.5,,,7.5,,,10.0,8.0,10.0,10.0,4.0,5.5,10.0,7.5,10.0,8.1,,0.0,0.0,0.0,2.5,1.3,5.97,122.0,5.2,6.4,7.0,7.0,2.0,4.5,5.1,5.6,4.8,4.2,5.9,6.7,8.3,4.9,7.3,5.7,5.3,0.8,5.3,9.0,9.6,8.9,0.0,6.9,8.8,7.7,5.3,7.3,4.7,7.3,6.0,8.6,5.4,0.8,9.4,5.2,6.8,5.0,6.7,10.0,7.2,6.1,2.9,4.6,10.0,5.5,3.0,5.4,3.4,5.3,9.7,4.0,9.4,8.4,6.7,6.4,6.2,122.0
0,2017-01-01,LBN,Lebanon,Middle East & North Africa,6.74,88.0,3.0,2.9,4.7,3.7,4.3,8.4,5.0,6.2,2.5,9.1,8.4,6.2,10.0,,,2.5,6.3,7.0,10.0,10.0,10.0,10.0,,,7.5,7.9,6.0,7.2,10.0,10.0,,,7.5,,,7.5,,,10.0,9.0,10.0,10.0,3.3,4.8,10.0,10.0,10.0,8.3,,0.0,10.0,5.0,0.0,2.5,6.52,99.0,8.2,8.0,10.0,10.0,8.0,9.0,6.5,8.4,3.4,2.9,5.3,3.3,6.7,3.2,7.3,4.3,4.5,0.7,3.8,9.8,9.4,9.1,10.0,9.6,9.1,8.8,5.0,7.6,5.0,3.1,4.1,10.0,5.0,1.5,9.3,5.3,6.8,10.0,0.0,10.0,6.7,5.6,4.9,6.5,8.0,10,10.0,7.5,3.2,0.4,9.0,2.4,6.4,8.0,4.9,6.4,6.97,75.0
0,2017-01-01,IND,India,South Asia,6.64,94.0,3.0,4.0,4.2,4.2,4.3,8.7,5.0,9.8,5.0,9.9,9.9,7.9,10.0,,,5.0,7.5,8.0,5.0,5.0,10.0,6.7,,,5.0,5.5,5.9,5.5,7.5,7.5,,,10.0,,,5.0,,,5.0,7.0,9.9,10.0,6.3,4.5,10.0,7.5,7.5,8.0,7.0,0.0,10.0,5.0,5.0,5.7,6.37,108.0,7.0,9.0,10.0,8.0,8.0,8.0,7.1,8.2,5.8,5.8,6.0,6.7,7.5,3.1,5.9,6.0,5.6,0.8,5.2,9.7,9.3,9.5,5.0,8.4,7.9,7.2,3.3,6.1,5.9,6.4,6.1,10.0,5.8,0.0,0.3,2.1,6.1,2.0,7.6,10.0,6.5,7.2,6.0,5.9,5.0,6.3,10.0,6.7,5.7,3.8,9.3,5.6,9.4,6.9,6.8,6.7,6.91,79.0
0,2017-01-01,KEN,Kenya,SubSaharan Africa,6.85,79.0,2.0,3.0,4.6,3.8,4.0,8.0,5.0,9.4,5.0,9.2,9.6,7.6,7.9,,,2.5,5.2,6.9,10.0,10.0,10.0,10.0,,,7.5,7.7,6.5,7.2,10.0,7.5,,,5.0,,,5.0,,,7.5,7.0,10.0,10.0,4.3,4.0,10.0,10.0,10.0,8.3,10.0,0.0,10.0,5.0,5.0,6.7,6.65,92.0,7.6,8.9,6.0,8.0,8.0,8.0,6.7,7.4,5.5,4.8,6.0,5.8,5.0,4.4,7.1,5.2,3.5,1.0,5.2,9.1,9.4,8.4,10.0,9.2,7.5,7.4,5.2,6.7,5.4,5.7,5.5,10.0,6.1,3.8,3.8,4.6,6.7,10.0,0.0,10.0,6.7,6.7,5.5,6.4,8.0,6.3,10.0,7.2,5.0,3.8,9.0,3.6,8.3,8.0,6.3,6.7,7.05,70.0
0,2017-01-01,BGD,Bangladesh,South Asia,5.77,138.0,4.0,1.5,3.7,3.4,3.1,9.1,0.0,9.9,5.0,9.9,9.9,7.0,10.0,,,0.0,5.0,7.0,5.0,5.0,10.0,6.7,,,7.5,6.1,4.2,5.9,5.0,7.5,,,7.5,,,7.5,,,7.5,7.0,9.8,9.8,3.7,3.3,7.5,7.5,7.5,7.0,0.0,0.0,10.0,5.0,0.0,1.7,5.37,142.0,9.4,9.7,7.0,8.0,8.0,8.0,6.6,8.2,3.8,3.5,5.1,4.2,3.3,0.9,2.7,3.9,4.7,0.8,3.1,9.3,9.8,8.9,0.0,7.0,5.5,7.2,6.2,6.3,6.3,0.0,3.1,10.0,5.5,0.0,7.6,4.4,6.0,5.0,8.7,10.0,7.9,10.0,5.2,6.5,10.0,1.4,10.0,7.2,3.9,2.4,9.2,2.5,6.6,5.1,5.0,6.7,6.18,123.0
1,2017-01-01,NER,Niger,SubSaharan Africa,5.87,136.0,4.0,,,,4.1,8.2,10.0,6.8,2.5,7.7,9.3,7.3,9.8,,,0.0,4.9,6.8,5.0,10.0,10.0,8.3,,,7.5,9.3,6.6,7.8,5.0,5.0,,,5.0,,,7.5,,,5.0,5.5,10.0,9.5,4.7,5.3,2.5,2.5,2.5,5.3,,10.0,10.0,10.0,0.0,5.0,5.92,125.0,6.1,9.8,4.0,7.0,3.0,5.0,6.2,6.2,5.4,4.4,4.1,3.3,3.3,4.4,7.3,,,0.6,3.7,9.4,9.5,9.4,0.0,7.1,3.8,7.6,7.0,6.1,5.1,4.4,4.7,10.0,,0.8,2.1,1.4,5.6,10.0,7.9,5.0,7.6,1.7,,,8.0,7.4,0.0,4.3,,4.9,9.7,,9.4,7.0,7.7,6.5,5.83,142.0
1,2017-01-01,NGA,Nigeria,SubSaharan Africa,6.38,112.0,3.0,3.3,5.0,4.2,4.3,6.1,10.0,6.7,2.5,6.8,8.9,7.0,8.2,,,2.5,5.4,6.1,10.0,5.0,2.5,5.8,,,10.0,6.5,5.5,7.3,7.5,7.5,,,10.0,,,10.0,,,10.0,9.0,9.8,9.9,5.3,4.5,10.0,10.0,7.5,8.2,,0.0,0.0,0.0,5.0,2.5,5.9,128.0,10.0,9.9,10.0,9.0,5.0,7.0,6.1,8.6,4.0,2.9,4.6,3.3,3.3,4.8,4.8,3.2,3.4,0.7,3.3,9.0,8.6,6.7,10.0,8.6,,7.6,6.9,7.2,6.1,0.0,3.1,9.4,6.5,5.4,2.0,4.6,6.1,10.0,7.0,10.0,9.0,10.0,6.1,7.4,10.0,10,10.0,8.9,2.9,2.0,9.3,2.4,9.2,6.2,5.3,7.8,6.86,81.0
1,2017-01-01,CIV,C?te d'Ivoire,SubSaharan Africa,6.59,101.0,3.0,2.6,5.2,3.9,4.0,5.3,10.0,10.0,5.0,10.0,10.0,9.0,6.3,,,7.5,6.9,7.1,5.0,5.0,10.0,6.7,,,10.0,9.4,8.9,9.4,10.0,7.5,,,10.0,,,10.0,,,10.0,9.5,10.0,10.0,5.3,5.3,10.0,10.0,10.0,8.7,,10.0,10.0,10.0,10.0,10.0,7.2,67.0,6.5,9.4,4.0,3.0,1.0,2.0,7.8,5.9,2.4,4.2,4.8,4.2,4.2,4.0,7.1,3.9,4.6,0.9,4.2,9.3,9.3,9.9,0.0,7.1,5.1,7.6,7.0,6.6,6.0,1.8,3.9,10.0,6.4,0.8,2.4,3.2,5.9,10.0,8.1,5.0,7.7,5.6,5.1,7.5,8.0,7.6,3.0,6.1,3.6,3.8,9.8,4.0,8.3,7.7,6.2,6.7,5.97,134.0
1,2017-01-01,VEN,Venezuela,Latin America & the Caribbean,3.8,161.0,4.0,1.5,3.3,1.4,2.1,0.0,10.0,10.0,5.0,9.9,9.8,8.9,10.0,,,10.0,10.0,6.3,0.0,10.0,10.0,6.7,,,5.0,9.0,6.6,6.9,10.0,10.0,,,2.5,,,5.0,,,5.0,6.5,10.0,9.7,1.3,2.3,5.0,2.5,5.0,5.1,0.0,10.0,10.0,10.0,2.5,4.2,5.03,149.0,8.6,5.8,0.0,7.0,6.0,6.5,2.0,4.6,0.2,0.6,1.2,0.8,1.7,2.4,8.1,1.3,1.6,1.0,2.0,2.8,0.0,0.0,0.0,0.7,8.4,7.2,6.1,7.3,4.1,0.0,2.0,0.0,3.1,0.0,7.2,3.4,3.2,5.0,0.0,5.0,3.3,0.0,0.9,5.6,4.0,,0.0,2.1,1.1,0.0,3.3,1.5,5.0,1.1,2.0,2.5,2.58,162.0
1,2017-01-01,MRT,Mauritania,SubSaharan Africa,5.47,146.0,4.0,,,,4.2,6.0,10.0,10.0,5.0,10.0,10.0,9.0,3.3,,,0.0,1.7,5.6,0.0,10.0,10.0,6.7,,,5.0,9.1,2.9,5.7,7.5,7.5,,,7.5,,,0.0,,,5.0,5.5,10.0,7.7,4.3,5.0,5.0,5.0,5.0,6.0,,0.0,0.0,0.0,0.0,0.0,4.83,152.0,3.5,,7.0,6.0,6.0,6.0,7.0,5.9,2.5,1.9,2.3,4.7,,6.3,7.6,5.7,5.7,0.6,3.7,9.5,8.2,9.5,5.0,8.0,,7.6,7.2,7.4,2.6,5.6,4.1,10.0,3.5,3.3,1.0,2.6,6.0,10.0,8.5,9.0,9.2,4.4,3.6,6.1,8.0,7.9,5.0,5.9,3.0,2.4,9.6,2.7,9.2,7.0,5.7,6.9,6.11,128.0
1,2017-01-01,MLI,Mali,SubSaharan Africa,6.03,131.0,4.0,,,,3.9,5.6,0.0,3.8,2.5,3.5,6.3,3.2,1.7,,,5.0,3.4,4.1,10.0,10.0,10.0,10.0,,,7.5,9.0,9.3,8.6,7.5,7.5,,,7.5,,,7.5,,,7.5,7.5,10.0,10.0,7.3,5.3,7.5,7.5,7.5,7.9,,10.0,10.0,10.0,5.0,7.5,6.15,116.0,6.5,9.9,2.0,5.0,1.0,3.0,7.2,5.7,3.7,3.9,4.3,4.2,5.0,2.6,5.8,3.7,3.8,0.7,3.5,9.9,9.7,9.6,0.0,7.3,8.0,7.6,7.0,7.5,4.5,5.3,4.9,10.0,4.4,0.8,10.0,5.1,6.9,10.0,8.1,5.0,7.7,4.4,5.0,5.1,8.0,7.6,0.0,5.0,4.1,3.3,9.0,2.9,8.9,7.0,5.9,6.2,5.91,136.0
1,2017-01-01,UGA,Uganda,SubSaharan Africa,6.61,97.0,3.0,1.9,4.5,3.4,3.4,5.6,10.0,8.2,7.5,9.9,10.0,9.1,9.9,,,5.0,7.5,7.4,10.0,10.0,2.5,7.5,,,10.0,7.6,7.6,8.4,7.5,5.0,,,2.5,,,10.0,,,10.0,7.0,10.0,8.1,4.0,3.8,10.0,10.0,7.5,7.6,0.0,0.0,0.0,0.0,2.5,0.8,5.82,129.0,8.9,10.0,8.0,5.0,3.0,4.0,6.5,7.5,3.9,4.1,5.1,3.3,5.8,4.9,8.2,4.5,4.1,0.9,4.7,9.1,9.4,9.0,10.0,9.4,7.7,7.5,5.2,6.8,6.0,4.6,5.3,10.0,6.8,8.5,10.0,8.4,7.6,8.0,8.5,9.0,8.5,10.0,5.5,8.4,8.0,10,10.0,8.7,4.3,4.2,8.9,3.0,9.0,7.8,6.2,7.8,7.39,48.0
1,2017-01-01,CAF,Central Afr. Rep.,SubSaharan Africa,5.41,150.0,4.0,,,,2.4,2.1,10.0,10.0,0.0,0.0,0.0,4.0,7.6,,,7.5,7.6,4.5,0.0,5.0,10.0,5.0,,,10.0,7.1,7.8,8.3,7.5,10.0,,,7.5,,,7.5,,,10.0,8.5,10.0,10.0,3.0,3.0,10.0,10.0,10.0,8.0,,10.0,10.0,10.0,7.5,8.8,5.59,137.0,9.4,9.6,4.0,3.0,,3.0,6.5,6.5,5.3,2.5,4.8,1.2,,0.5,5.0,,,0.7,2.7,8.4,9.0,9.2,0.0,6.7,0.9,6.4,6.2,4.5,3.3,2.3,2.8,10.0,,1.5,1.4,1.5,4.7,5.0,9.6,10.0,8.2,0.0,,,6.0,7,0.0,3.3,,1.1,7.7,,7.3,4.6,5.2,5.5,5.23,151.0
1,2017-01-01,SEN,Senegal,SubSaharan Africa,6.57,102.0,3.0,4.1,5.6,4.3,4.7,7.0,10.0,10.0,5.0,10.0,10.0,9.0,7.7,,,5.0,6.4,7.5,10.0,5.0,10.0,8.3,,,10.0,9.6,7.5,9.0,10.0,10.0,,,10.0,,,10.0,,,10.0,10.0,10.0,10.0,4.0,6.3,10.0,7.5,10.0,8.3,,0.0,0.0,0.0,7.5,3.8,6.97,79.0,6.9,10.0,6.0,5.0,5.0,5.0,7.2,7.0,4.4,5.1,5.5,4.2,5.0,2.8,6.7,6.7,5.4,0.7,4.3,9.5,9.6,9.7,0.0,7.2,7.5,7.6,7.0,7.3,5.1,6.2,5.7,10.0,5.8,0.8,4.8,3.8,6.7,10.0,7.6,5.0,7.5,0.0,4.2,6.1,4.0,7.2,0.0,3.6,4.4,3.8,9.5,4.0,8.0,5.1,5.8,5.6,6.17,124.0
1,2017-01-01,HTI,Haiti,Latin America & the Caribbean,6.71,91.0,3.0,,,,3.4,6.2,10.0,10.0,5.0,10.0,10.0,9.0,10.0,,,7.5,8.8,8.0,10.0,10.0,2.5,7.5,,,10.0,8.9,6.3,8.4,10.0,10.0,,,10.0,,,10.0,,,10.0,10.0,10.0,10.0,4.3,5.8,10.0,7.5,10.0,8.2,0.0,10.0,10.0,10.0,10.0,6.7,6.93,82.0,9.1,9.9,7.0,8.0,,8.0,8.5,8.5,2.2,2.5,2.7,0.0,2.5,3.9,2.8,3.4,3.6,0.9,2.5,7.9,8.3,7.1,5.0,7.1,,8.2,5.8,7.0,4.9,7.3,6.1,10.0,4.2,6.2,10.0,6.8,7.5,8.0,7.5,9.0,8.2,6.7,4.7,6.3,10.0,10,10.0,7.9,2.7,0.2,4.7,2.0,9.3,7.9,4.5,6.9,6.49,110.0
1,2017-01-01,BFA,Burkina Faso,SubSaharan Africa,6.73,90.0,3.0,5.1,4.9,4.5,4.9,9.5,10.0,10.0,7.5,9.1,9.5,9.2,2.4,,,7.5,5.0,7.9,10.0,10.0,10.0,10.0,,,7.5,8.1,8.4,8.0,7.5,7.5,,,7.5,,,7.5,,,7.5,7.5,10.0,10.0,4.7,7.0,7.5,7.5,7.5,7.7,,10.0,10.0,10.0,7.5,8.8,7.39,63.0,2.5,9.6,2.0,9.0,4.0,6.5,8.1,5.7,4.3,4.6,5.1,3.3,5.8,2.1,4.8,6.0,4.7,0.9,4.3,9.5,8.5,9.9,0.0,7.0,6.5,7.6,7.0,7.0,5.3,3.6,4.4,10.0,5.6,0.8,7.2,4.5,6.5,10.0,8.0,5.0,7.7,6.7,4.5,6.4,6.0,7.9,10.0,6.9,3.7,4.2,9.1,3.1,8.9,7.0,6.0,6.9,6.07,130.0
1,2017-01-01,TGO,Togo,SubSaharan Africa,6.31,116.0,3.0,,,,4.0,6.4,10.0,10.0,7.5,10.0,10.0,9.5,9.5,,,7.5,8.5,8.1,5.0,10.0,2.5,5.8,,,10.0,9.6,7.0,8.9,7.5,5.0,,,10.0,,,7.5,,,10.0,8.0,10.0,10.0,4.0,5.3,10.0,10.0,10.0,8.5,,0.0,10.0,5.0,0.0,2.5,6.41,104.0,7.3,9.9,2.0,7.0,,7.0,6.3,6.5,,4.3,8.0,4.2,5.0,3.9,6.5,,,1.0,5.2,8.9,9.2,9.8,0.0,7.0,7.6,7.6,7.0,7.4,4.9,3.3,4.1,10.0,,0.8,1.7,1.2,5.7,10.0,10.0,5.0,8.3,1.7,,,8.0,7,0.0,4.2,,3.8,9.4,,8.2,8.2,7.4,6.6,6.21,121.0
1,2017-01-01,MDG,Madagascar,SubSaharan Africa,6.32,115.0,3.0,2.1,3.9,3.6,3.6,6.9,10.0,10.0,7.5,10.0,10.0,9.5,10.0,,,7.5,8.8,8.4,10.0,10.0,2.5,7.5,,,5.0,9.3,8.3,7.5,7.5,2.5,,,5.0,,,5.0,,,7.5,5.5,10.0,10.0,3.7,4.3,10.0,10.0,10.0,8.3,,10.0,10.0,10.0,2.5,6.3,6.51,101.0,8.1,9.0,4.0,10.0,7.0,8.5,8.2,7.6,2.3,4.0,3.6,1.7,4.2,3.0,5.1,5.3,3.8,0.6,3.0,7.7,9.5,8.3,5.0,7.6,8.4,7.7,7.3,7.8,1.9,5.1,3.5,10.0,5.4,0.8,10.0,5.4,6.7,10.0,7.2,5.0,7.4,0.0,3.8,6.2,8.0,7.1,1.0,4.4,3.4,3.3,9.4,2.5,7.8,7.9,5.7,5.8,6.14,126.0
1,2017-01-01,BEN,Benin,SubSaharan Africa,6.77,85.0,3.0,,,,4.2,9.6,10.0,10.0,7.5,10.0,10.0,9.5,9.1,,,5.0,7.1,8.7,5.0,10.0,2.5,5.8,,,10.0,8.6,9.6,9.4,10.0,10.0,,,10.0,,,7.5,,,10.0,9.5,10.0,10.0,5.7,7.3,10.0,10.0,10.0,9.0,,10.0,10.0,10.0,7.5,8.8,7.47,62.0,7.5,9.8,7.0,4.0,3.0,3.5,7.5,7.1,3.4,4.2,4.9,6.4,,1.1,6.6,5.8,5.0,0.8,4.2,7.2,9.6,10.0,0.0,6.7,5.8,7.6,7.0,6.8,4.7,5.2,4.9,10.0,5.2,0.8,1.8,2.6,6.1,10.0,5.5,5.0,6.8,7.8,5.2,7.7,8.0,7.6,1.0,6.2,3.8,4.2,9.7,2.8,9.5,7.0,6.2,6.4,6.08,129.0
1,2017-01-01,GIN,Guinea,SubSaharan Africa,5.61,144.0,4.0,,,,3.2,6.5,10.0,10.0,7.5,10.0,10.0,9.5,0.3,,,2.5,1.4,5.8,0.0,10.0,10.0,6.7,,,10.0,9.1,6.5,8.5,7.5,7.5,,,10.0,,,10.0,,,10.0,9.0,10.0,10.0,3.3,2.8,7.5,7.5,7.5,6.9,,0.0,0.0,0.0,0.0,0.0,5.37,143.0,7.0,,6.0,5.0,3.0,4.0,4.6,5.4,2.5,2.8,5.9,0.8,4.2,5.4,6.6,2.0,4.1,0.7,3.2,9.1,8.8,8.2,5.0,7.8,,7.6,7.0,7.3,4.5,1.9,3.2,10.0,6.4,0.8,2.3,3.2,5.9,,10.0,10.0,10.0,5.6,4.8,7.5,6.0,8.1,0.0,5.3,4.2,2.4,9.1,3.2,8.5,5.5,5.5,6.9,5.86,139.0
2,2017-01-01,ZMB,Zambia,SubSaharan Africa,6.49,108.0,3.0,2.1,4.9,4.2,4.1,7.9,10.0,10.0,7.5,10.0,10.0,9.5,10.0,,,5.0,7.5,8.3,0.0,10.0,2.5,4.2,,,,8.3,6.3,7.3,,,,,,,,,,,,,10.0,10.0,3.7,4.0,,,,6.9,10.0,0.0,0.0,0.0,7.5,5.8,6.13,117.0,6.1,10.0,4.0,5.0,4.0,4.5,8.5,6.6,3.7,3.7,5.5,8.3,6.7,3.5,6.0,4.5,5.7,1.0,5.2,7.9,8.6,8.7,10.0,8.8,9.0,7.2,1.3,5.8,5.3,2.4,3.9,10.0,6.9,9.2,10.0,8.7,7.1,5.0,7.6,10.0,7.5,4.4,4.7,7.1,8.0,0,10.0,5.7,4.4,4.0,9.4,3.1,7.8,8.2,6.2,6.5,6.84,83.0
2,2017-01-01,GUY,Guyana,Latin America & the Caribbean,6.74,88.0,3.0,4.9,5.1,4.0,4.7,4.1,10.0,10.0,7.5,10.0,10.0,9.5,10.0,,,10.0,10.0,7.9,10.0,10.0,2.5,7.5,,,,9.7,8.7,9.2,,,,,,,,,,,,,10.0,10.0,6.3,6.0,,,,8.1,,0.0,10.0,5.0,10.0,7.5,7.16,70.0,5.8,,6.0,5.0,5.0,5.0,6.1,5.7,3.9,5.0,4.5,6.7,2.5,4.4,7.6,5.8,4.4,0.9,4.8,10.0,8.9,9.6,5.0,8.4,,7.8,5.1,6.5,5.2,1.4,3.3,10.0,5.7,5.8,4.5,5.3,6.3,10.0,0.0,9.0,6.3,8.9,5.8,6.5,4.0,7.4,10.0,7.1,3.2,4.4,9.3,3.1,7.5,7.1,5.8,6.4,6.32,117.0
2,2017-01-01,GNB,GuineaBissau,SubSaharan Africa,6.07,130.0,4.0,,,,2.9,9.6,10.0,10.0,5.0,10.0,10.0,9.0,5.5,,,2.5,4.0,7.5,10.0,10.0,10.0,10.0,,,,9.9,9.8,9.9,,,,,,,,,,,,,10.0,10.0,4.3,4.0,,,,7.1,,10.0,10.0,10.0,5.0,7.5,6.9,83.0,8.8,,0.0,10.0,4.0,7.0,4.3,5.0,1.7,3.0,0.0,3.3,4.2,3.3,7.3,,,0.8,2.9,7.5,7.9,9.7,0.0,6.3,,7.6,7.0,7.3,8.0,4.3,6.2,10.0,,0.8,1.5,1.2,6.2,10.0,7.6,4.0,7.2,3.3,,,8.0,2.5,0.0,3.5,,2.7,8.8,,8.5,7.6,6.9,5.8,5.23,151.0
2,2017-01-01,MNE,Montenegro,Eastern Europe,7.43,53.0,2.0,,,,5.2,9.0,10.0,10.0,7.5,10.0,10.0,9.5,10.0,,,7.5,8.8,9.1,10.0,10.0,10.0,10.0,,,,9.0,8.8,8.9,,,,,,,,,,,,,10.0,10.0,5.7,5.3,,,,7.7,7.0,10.0,10.0,10.0,10.0,9.0,8.03,45.0,5.9,,4.0,10.0,4.0,7.0,6.8,5.9,4.5,4.3,5.2,6.3,,4.8,7.6,5.2,5.9,0.8,4.9,8.8,9.3,9.5,5.0,8.1,7.8,9.2,7.9,8.3,5.8,9.2,7.5,10.0,5.6,6.9,8.1,6.9,8.2,10.0,0.0,10.0,6.7,6.7,4.7,6.9,10.0,7.8,10.0,7.7,4.6,7.1,9.6,4.3,8.4,6.6,6.8,7.0,6.84,83.0
2,2017-01-01,LBR,Liberia,SubSaharan Africa,6.35,113.0,3.0,2.5,4.3,3.1,3.8,8.7,10.0,10.0,7.5,10.0,10.0,9.5,5.0,,,5.0,5.0,7.7,5.0,10.0,10.0,8.3,,,,9.4,9.0,9.2,,,,,,,,,,,,,10.0,10.0,4.3,4.5,,,,7.2,,0.0,0.0,0.0,2.5,1.3,6.13,118.0,8.7,8.6,4.0,9.0,7.0,8.0,6.7,7.2,4.0,4.0,4.6,5.0,3.3,2.9,4.6,4.4,5.2,1.0,4.2,9.7,8.9,7.5,10.0,9.0,6.4,8.0,7.0,7.1,4.7,0.0,2.3,10.0,5.8,8.5,1.8,5.3,6.2,8.0,0.0,9.0,5.7,6.7,4.5,5.9,8.0,3.1,10.0,6.4,4.6,3.3,9.3,3.8,9.4,8.4,6.5,6.2,6.56,105.0
2,2017-01-01,MWI,Malawi,SubSaharan Africa,6.6,99.0,3.0,4.4,5.4,4.3,4.9,9.3,10.0,10.0,7.5,10.0,10.0,9.5,10.0,,,5.0,7.5,8.8,10.0,10.0,2.5,7.5,,,,9.4,7.6,8.5,,,,,,,,,,,,,10.0,10.0,5.0,6.3,,,,7.8,10.0,0.0,0.0,0.0,7.5,5.8,7.13,73.0,7.5,9.8,0.0,7.0,4.0,5.5,6.9,5.9,5.0,3.6,5.1,5.8,4.2,2.3,8.6,4.7,4.4,1.0,4.7,7.2,8.0,7.7,5.0,7.0,8.5,7.5,5.8,7.3,5.7,5.0,5.4,9.0,6.0,1.5,7.1,4.9,6.6,10.0,0.0,6.0,5.3,4.4,4.4,6.6,10.0,5.7,10.0,6.9,4.4,3.1,8.4,2.8,8.4,8.0,5.9,6.0,6.06,131.0
2,2017-01-01,KGZ,Kyrgyz Republic,Caucasus & Central Asia,6.98,67.0,2.0,3.6,4.6,3.2,3.8,8.3,10.0,10.0,2.5,10.0,10.0,8.5,10.0,,,7.5,8.8,8.5,10.0,5.0,10.0,8.3,,,,7.7,6.5,7.1,,,,,,,,,,,,,10.0,8.4,3.3,3.3,,,,6.2,10.0,10.0,10.0,10.0,10.0,10.0,7.05,76.0,6.6,7.2,6.0,10.0,7.0,8.5,6.8,7.0,3.5,3.3,4.2,5.2,,4.5,9.9,4.1,5.6,0.7,4.3,8.6,9.1,9.4,10.0,9.3,7.9,8.7,7.7,8.1,5.0,7.8,6.4,10.0,4.5,1.5,8.7,4.9,7.4,8.0,9.1,8.0,8.4,5.0,4.5,6.1,10.0,7.8,1.0,5.7,3.8,3.1,9.7,3.0,8.6,7.5,5.9,6.7,6.92,77.0
2,2017-01-01,SWZ,Eswatini,SubSaharan Africa,6.4,111.0,3.0,,,,4.7,6.2,10.0,10.0,7.5,10.0,10.0,9.5,10.0,,,2.5,6.3,7.3,10.0,5.0,7.5,7.5,,,,9.3,6.6,8.0,,,,,,,,,,,,,10.0,10.0,1.3,2.5,,,,6.0,7.0,0.0,10.0,5.0,2.5,4.8,6.29,110.0,4.7,9.9,0.0,7.0,7.0,7.0,4.7,5.3,4.5,3.8,5.1,5.5,,1.6,7.3,7.2,7.1,0.9,4.9,8.7,8.5,8.8,5.0,7.7,0.0,8.5,5.6,4.7,5.9,9.8,7.8,10.0,6.1,0.8,9.6,5.5,7.0,8.0,8.3,10.0,8.8,8.9,5.5,5.3,10.0,6.9,10.0,7.7,4.6,4.0,8.9,5.0,9.0,8.6,6.7,7.7,6.52,107.0
2,2017-01-01,GMB,"Gambia, The",SubSaharan Africa,5.94,135.0,4.0,,,,4.5,6.3,10.0,10.0,5.0,10.0,10.0,9.0,2.5,,,0.0,1.3,5.5,5.0,5.0,2.5,4.2,,,,8.7,6.5,7.6,,,,,,,,,,,,,10.0,10.0,0.3,1.3,,,,5.4,,0.0,0.0,0.0,0.0,0.0,4.64,155.0,8.3,9.6,4.0,8.0,8.0,8.0,6.2,7.2,4.8,4.9,5.6,3.3,5.8,5.1,6.3,7.3,6.9,1.0,5.4,9.0,9.5,8.4,10.0,9.2,5.2,7.6,7.0,6.6,5.3,4.8,5.0,8.9,7.0,7.7,10.0,8.2,7.2,10.0,2.5,9.0,7.2,10.0,4.6,7.1,10.0,5.5,10.0,7.9,5.7,3.3,7.9,5.0,8.6,6.3,6.1,7.1,7.23,60.0
2,2017-01-01,FJI,Fiji,Oceania,7.17,60.0,2.0,,,,4.8,9.1,10.0,10.0,,10.0,10.0,10.0,10.0,,,7.5,8.8,9.3,10.0,5.0,2.5,5.8,,,,9.1,9.4,9.2,,,,,,,,,,,,,10.0,10.0,4.7,6.0,,,,7.7,,10.0,10.0,10.0,10.0,10.0,7.61,56.0,4.7,9.1,6.0,5.0,5.0,5.0,5.1,6.0,3.1,5.1,4.5,8.4,,4.9,7.7,,,0.9,5.3,9.3,9.4,9.3,0.0,7.0,6.3,7.8,0.0,4.7,5.6,6.4,6.0,10.0,,0.0,10.0,5.0,6.4,10.0,9.3,10.0,9.8,8.9,,,10.0,8.3,10.0,9.3,,6.7,8.6,,8.6,7.2,7.8,8.9,6.74,90.0
2,2017-01-01,LSO,Lesotho,SubSaharan Africa,6.54,104.0,3.0,,,,4.7,0.0,10.0,10.0,7.5,10.0,10.0,9.5,10.0,,,5.0,7.5,5.7,10.0,10.0,10.0,10.0,,,,9.7,8.8,9.2,,,,,,,,,,,,,10.0,10.0,5.7,4.5,,,,7.5,0.0,10.0,10.0,10.0,5.0,5.0,6.57,94.0,2.7,9.1,0.0,8.0,8.0,8.0,7.9,5.6,4.5,4.1,4.3,5.6,,3.9,6.6,7.5,9.0,0.9,5.4,8.8,8.2,8.9,5.0,7.7,2.5,8.5,5.7,5.5,3.5,9.8,6.7,10.0,4.2,1.5,5.1,3.6,6.4,10.0,10.0,9.0,9.7,6.7,4.2,4.3,8.0,6.5,10.0,6.6,4.7,4.4,9.0,3.1,7.9,6.3,5.9,7.4,6.5,109.0
2,2017-01-01,ZWE,Zimbabwe,SubSaharan Africa,5.65,142.0,4.0,1.5,4.3,3.8,3.5,7.3,10.0,10.0,5.0,10.0,10.0,9.0,10.0,,,7.5,8.8,8.4,5.0,5.0,10.0,6.7,,,2.5,9.3,7.5,6.4,2.5,2.5,,,2.5,,,2.5,,,2.5,2.5,10.0,10.0,2.0,3.8,,,7.5,6.7,0.0,0.0,10.0,5.0,7.5,4.2,5.61,136.0,5.5,9.3,6.0,4.0,4.0,4.0,2.7,5.5,3.3,3.4,2.6,3.3,5.0,2.4,6.8,4.0,5.7,1.0,4.1,9.4,9.5,9.8,5.0,8.4,6.2,6.6,1.6,4.8,4.8,1.3,3.1,3.0,3.5,0.0,8.9,4.1,3.7,8.0,9.3,10.0,9.1,6.7,2.8,3.0,8.0,6.3,10.0,6.1,1.9,2.7,7.8,2.6,7.5,7.3,5.0,6.7,5.69,146.0
2,2017-01-01,COD,"Congo, Dem. R.",SubSaharan Africa,5.36,152.0,4.0,,,,2.5,4.6,5.0,3.0,2.5,7.6,9.5,5.5,10.0,,,7.5,8.8,6.3,5.0,5.0,10.0,6.7,,,,7.9,9.1,8.5,,,,,,,,,,,,,10.0,9.4,4.3,3.8,,,,6.9,,10.0,10.0,10.0,2.5,6.3,5.73,133.0,9.8,8.9,8.0,5.0,3.0,4.0,4.0,6.9,2.3,3.0,3.7,2.5,1.7,1.0,5.9,3.6,5.7,0.9,3.1,8.1,2.7,1.7,5.0,4.4,7.8,7.8,7.6,7.8,4.4,0.0,2.2,10.0,5.7,0.8,0.3,2.3,5.6,0.0,10.0,3.0,4.3,1.7,5.0,6.6,8.0,10,3.0,5.7,3.3,0.0,9.5,2.8,8.9,6.1,5.1,5.0,5.0,157.0
2,2017-01-01,BWA,Botswana,SubSaharan Africa,7.17,60.0,2.0,3.3,6.1,5.5,5.6,4.0,10.0,10.0,10.0,10.0,10.0,10.0,10.0,,,7.5,8.8,7.6,10.0,10.0,2.5,7.5,,,,9.8,8.2,9.0,,,,,,,,,,,,,10.0,10.0,6.0,5.3,,,,7.8,10.0,0.0,0.0,0.0,5.0,5.0,6.97,81.0,3.7,8.8,7.0,9.0,9.0,9.0,3.3,6.4,5.4,5.3,6.8,8.3,5.8,3.1,7.8,6.1,5.6,1.0,5.9,9.4,8.3,9.3,10.0,9.3,1.0,8.5,5.6,5.0,5.5,9.4,7.5,10.0,6.4,5.4,10.0,7.3,7.4,8.0,9.6,10.0,9.2,10.0,4.8,6.4,10.0,3.8,10.0,7.5,4.2,6.7,8.5,4.8,9.3,8.7,7.0,7.9,7.37,49.0
2,2017-01-01,TJK,Tajikistan,Caucasus & Central Asia,5.77,138.0,4.0,,,,3.0,9.4,10.0,10.0,2.5,10.0,10.0,8.5,10.0,,,7.5,8.8,8.9,10.0,5.0,10.0,8.3,,,0.0,8.4,4.7,4.4,2.5,2.5,,,0.0,,,2.5,,,2.5,2.0,10.0,10.0,0.7,1.8,2.5,2.5,2.5,4.3,,10.0,10.0,10.0,2.5,6.3,5.49,138.0,6.5,9.1,0.0,10.0,7.0,8.5,1.3,5.1,5.5,5.3,5.7,4.5,,5.7,8.4,6.2,6.5,0.7,5.0,7.5,9.1,8.5,5.0,7.5,9.2,8.5,7.8,8.5,5.4,4.0,4.7,8.0,4.5,2.3,1.0,2.6,5.9,8.0,8.5,7.0,7.8,5.6,5.7,7.4,8.0,7.8,0.0,5.7,5.6,2.4,9.5,5.0,7.9,7.5,6.3,6.6,6.05,132.0
2,2017-01-01,SUR,Suriname,Latin America & the Caribbean,7.48,51.0,2.0,4.6,5.0,5.2,4.9,7.8,10.0,10.0,,10.0,10.0,10.0,10.0,,,,10.0,9.3,10.0,10.0,,10.0,,,,9.7,9.3,9.5,,,,,,,,,,,,,10.0,10.0,7.3,6.8,,,,8.5,,10.0,10.0,10.0,,10.0,8.3,38.0,3.9,8.6,10.0,5.0,5.0,5.0,4.4,6.4,4.2,5.3,5.6,5.0,5.0,2.7,4.6,3.2,7.1,1.0,4.7,8.8,4.5,5.6,10.0,7.2,8.4,7.9,6.1,7.5,6.7,6.8,6.8,10.0,6.6,0.0,7.3,4.6,7.2,8.0,9.0,9.0,8.7,8.9,,,10.0,7,10.0,9.0,,1.3,6.9,4.5,7.3,7.8,5.6,7.7,6.65,98.0
2,2017-01-01,NAM,Namibia,SubSaharan Africa,6.75,87.0,3.0,,,,5.6,3.1,10.0,10.0,7.5,10.0,10.0,9.5,10.0,,,7.5,8.8,7.1,10.0,10.0,2.5,7.5,,,7.5,9.8,8.9,8.7,7.5,7.5,,,7.5,,,7.5,,,5.0,7.0,10.0,10.0,7.0,6.8,,,7.5,8.3,7.0,0.0,10.0,5.0,7.5,6.5,6.97,80.0,4.0,8.7,4.0,6.0,6.0,6.0,5.8,5.7,7.1,5.8,7.0,10.0,8.3,4.8,4.6,5.5,4.8,1.0,6.4,8.6,8.5,8.8,0.0,6.5,4.5,8.5,5.7,6.2,5.7,5.3,5.5,10.0,6.2,0.8,5.8,4.2,6.5,10.0,6.4,10.0,8.8,10.0,4.5,6.3,10.0,8.3,10.0,8.2,4.8,4.0,7.8,4.2,8.3,6.6,6.0,7.7,6.53,106.0
2,2017-01-01,BRD,Barbados,Latin America & the Caribbean,7.02,66.0,2.0,7.7,6.5,5.9,6.7,5.8,10.0,10.0,,10.0,10.0,10.0,10.0,,,10.0,10.0,8.6,10.0,10.0,2.5,7.5,,,,9.4,7.5,8.5,,,,,,,,,,,,,10.0,10.0,9.0,7.5,,,,9.1,,0.0,0.0,0.0,10.0,5.0,7.59,57.0,7.7,5.9,6.0,7.0,3.0,5.0,6.7,6.3,6.4,6.7,6.5,8.9,,3.8,6.6,,4.9,0.9,5.9,6.4,9.1,9.1,0.0,6.2,7.9,7.9,5.6,7.1,,5.3,5.3,10.0,6.8,0.0,9.4,5.4,7.0,8.0,0.9,10.0,6.3,8.9,,,8.0,5.7,10.0,8.1,,6.7,9.4,4.4,5.0,7.3,6.5,7.0,6.45,112.0
2,2017-01-01,TLS,TimorLeste,South Asia,6.76,86.0,3.0,,,,3.3,8.4,10.0,10.0,7.5,10.0,10.0,9.5,10.0,,,7.5,8.8,8.9,10.0,10.0,10.0,10.0,,,,9.2,8.0,8.6,,,,,,,,,,,,,10.0,10.0,6.3,7.3,,,,8.4,,10.0,10.0,10.0,7.5,8.8,7.52,60.0,0.0,8.6,0.0,10.0,10.0,10.0,3.6,4.5,3.9,3.5,3.0,6.4,,0.0,,1.4,4.7,1.0,3.3,7.4,5.1,9.9,10.0,8.1,9.7,9.5,10.0,9.7,3.9,5.0,4.5,10.0,5.3,8.5,,6.9,7.8,,6.4,4.0,5.2,2.2,,,8.0,9,10.0,7.3,,4.9,9.6,3.5,7.5,6.9,6.5,6.3,5.99,133.0
2,2017-01-01,SLE,Sierra Leone,SubSaharan Africa,5.99,132.0,4.0,3.4,4.1,3.8,3.9,9.3,10.0,10.0,7.5,10.0,10.0,9.5,1.0,,,5.0,3.0,7.3,5.0,10.0,10.0,8.3,,,,8.8,8.1,8.5,,,,,,,,,,,,,10.0,10.0,4.0,5.0,,,,7.3,,0.0,10.0,5.0,2.5,3.8,6.27,112.0,8.8,10.0,4.0,7.0,4.0,5.5,6.4,6.9,3.4,3.5,4.5,4.2,5.8,4.2,5.4,4.1,4.5,0.8,3.9,7.8,7.0,6.4,5.0,6.5,9.0,7.6,11.9,9.5,4.5,3.4,3.9,10.0,5.2,0.0,1.8,2.3,6.4,2.0,0.0,9.0,3.7,3.3,4.1,5.5,8.0,0,10.0,5.2,3.9,2.0,9.7,2.7,7.9,6.2,5.4,4.7,5.71,145.0
2,2017-01-01,BTN,Bhutan,South Asia,6.53,105.0,3.0,,,,6.2,9.4,10.0,10.0,7.5,10.0,10.0,9.5,10.0,,,10.0,10.0,9.6,0.0,0.0,10.0,3.3,,,,9.4,5.1,7.3,,,,,,,,,,,,,10.0,10.0,4.0,5.0,,,,7.3,0.0,0.0,0.0,0.0,2.5,0.8,6.29,111.0,4.8,9.9,7.0,9.0,8.0,8.5,4.4,6.9,6.2,6.7,6.7,9.3,,7.4,6.9,2.5,7.5,0.9,6.4,8.7,9.4,9.2,0.0,6.8,9.7,5.5,4.2,6.5,4.9,9.5,7.2,10.0,3.9,0.0,0.3,1.4,6.3,5.0,9.3,9.0,7.8,10.0,2.0,5.6,10.0,10,10.0,7.9,2.5,4.2,9.6,5.7,8.5,9.4,6.7,7.5,6.77,87.0
2,2017-01-01,BDI,Burundi,SubSaharan Africa,5.56,145.0,4.0,,,,2.9,7.6,0.0,10.0,2.5,9.4,7.7,5.9,10.0,,,,10.0,7.8,5.0,5.0,10.0,6.7,,,5.0,9.3,8.1,7.5,0.0,0.0,,,2.5,,,2.5,,,2.5,1.5,10.0,10.0,1.7,0.8,0.0,0.0,0.0,3.2,,0.0,0.0,0.0,7.5,3.8,4.95,150.0,7.5,10.0,7.0,8.0,5.0,6.5,3.6,6.9,2.1,3.0,3.4,1.1,,2.8,8.5,3.4,4.7,1.0,3.5,7.7,8.5,6.8,10.0,8.2,8.1,7.4,5.1,6.9,3.7,1.1,2.4,9.1,3.9,1.5,10.0,5.1,5.9,5.0,0.0,10.0,5.0,10.0,3.7,7.4,8.0,7.8,10.0,7.8,3.4,2.4,9.8,3.3,9.8,7.4,6.0,6.3,6.17,124.0
2,2017-01-01,BHS,Bahamas,Latin America & the Caribbean,7.56,48.0,2.0,6.9,6.0,6.3,6.4,0.0,10.0,10.0,,10.0,10.0,10.0,10.0,,,10.0,10.0,6.7,10.0,10.0,10.0,10.0,,,,9.4,6.4,7.9,,,,,,,,,,,,,10.0,10.0,8.3,7.3,,,,8.9,,10.0,10.0,10.0,10.0,10.0,7.87,48.0,7.0,8.3,7.0,10.0,10.0,10.0,,8.1,,5.9,,10.0,6.7,4.6,6.3,,,1.0,6.5,8.9,9.0,9.7,0.0,6.9,4.8,3.4,1.9,3.3,6.7,8.1,7.4,10.0,,0.8,10.0,5.4,6.5,10.0,5.9,10.0,8.6,8.9,,,8.0,6.5,10.0,8.4,,5.8,9.2,,8.0,7.8,7.7,8.2,7.25,58.0
2,2017-01-01,CPV,Cape Verde,SubSaharan Africa,7.45,52.0,2.0,,,,5.8,5.4,10.0,10.0,,10.0,10.0,10.0,10.0,,,10.0,10.0,8.5,10.0,10.0,10.0,10.0,,,,9.8,6.4,8.1,,,,,,,,,,,,,10.0,10.0,8.0,7.8,,,,8.9,,10.0,10.0,10.0,2.5,6.3,7.74,50.0,5.6,9.4,7.0,8.0,4.0,6.0,7.9,7.2,5.3,3.8,5.2,8.7,,6.1,8.8,5.4,5.0,1.0,6.0,8.8,9.7,9.8,5.0,8.3,7.3,8.0,4.8,6.7,4.9,6.7,5.8,10.0,6.0,2.7,10.0,6.2,7.2,10.0,8.6,10.0,9.5,3.9,4.5,6.9,8.0,5.1,1.0,4.9,4.6,5.6,9.3,4.4,9.2,8.0,6.8,7.1,7.16,63.0
2,2017-01-01,TTO,Trinidad and Tobago,Latin America & the Caribbean,6.62,96.0,3.0,4.4,5.9,3.9,4.7,0.0,10.0,10.0,7.5,10.0,10.0,9.5,10.0,,,10.0,10.0,6.5,10.0,10.0,2.5,7.5,,,,8.8,8.5,8.6,,,,,,,,,,,,,10.0,10.0,7.7,7.3,,,,8.7,,0.0,0.0,0.0,10.0,5.0,6.54,97.0,6.4,7.9,0.0,9.0,6.0,7.5,5.2,5.4,5.8,3.2,5.6,8.3,3.3,3.0,6.2,3.1,2.9,1.0,4.6,9.7,7.1,9.6,10.0,9.1,8.9,7.9,5.8,7.5,6.4,6.2,6.3,10.0,6.0,6.2,10.0,7.4,7.8,8.0,0.0,10.0,6.0,10.0,4.1,6.0,10.0,5.1,10.0,7.6,3.8,6.7,9.7,2.9,6.8,7.6,6.3,6.6,6.7,91.0
2,2017-01-01,PNG,Pap. New Guinea,Oceania,6.6,99.0,3.0,,,,3.9,6.0,10.0,10.0,7.5,10.0,9.9,9.5,10.0,,,5.0,7.5,7.7,10.0,10.0,10.0,10.0,,,,8.6,7.5,8.1,,,,,,,,,,,,,10.0,10.0,7.7,6.8,,,,8.6,,0.0,10.0,5.0,5.0,5.0,6.84,85.0,3.3,7.7,8.0,5.0,5.0,5.0,6.5,6.1,4.3,4.1,4.1,7.5,5.0,1.0,6.9,5.6,3.0,0.8,4.2,9.5,7.5,8.9,0.0,6.5,6.6,9.1,6.1,7.3,6.1,4.1,5.1,10.0,6.0,7.7,7.1,6.9,7.3,10.0,5.1,10.0,8.4,7.8,,,10.0,7,10.0,8.7,,3.6,8.5,3.2,7.4,7.7,6.1,7.7,6.36,115.0
2,2017-01-01,SYC,Seychelles,SubSaharan Africa,7.16,62.0,2.0,,,,5.3,4.9,10.0,10.0,,10.0,10.0,10.0,10.0,,,10.0,10.0,8.3,10.0,0.0,2.5,4.2,,,,9.9,6.4,8.1,,,,,,,,,,,,,10.0,10.0,4.7,6.0,,,,7.7,,10.0,10.0,10.0,10.0,10.0,7.16,71.0,1.7,8.6,8.0,10.0,10.0,10.0,3.1,6.3,5.3,4.8,5.8,8.1,,4.1,7.1,5.9,5.6,1.0,5.8,8.3,8.6,9.4,10.0,9.1,9.3,8.0,0.0,5.8,6.0,5.3,5.7,9.6,6.0,8.5,10.0,8.1,7.3,5.0,9.6,9.0,7.9,8.9,4.6,5.3,8.0,7.5,10.0,7.4,5.0,6.0,8.8,3.5,8.7,9.0,6.8,7.4,7.16,63.0
2,2017-01-01,BLZ,Belize,Latin America & the Caribbean,6.95,68.0,2.0,4.8,4.7,3.3,4.3,0.0,10.0,10.0,,10.0,10.0,10.0,10.0,,,10.0,10.0,6.7,10.0,10.0,2.5,7.5,,,,9.6,8.5,9.1,,,,,,,,,,,,,10.0,10.0,7.3,6.8,,,,8.5,,10.0,10.0,10.0,10.0,10.0,7.12,74.0,6.1,8.4,4.0,9.0,,9.0,,6.9,8.0,3.9,7.4,6.4,,3.3,7.3,,4.8,0.8,5.2,9.5,9.5,9.8,0.0,7.2,7.1,7.7,4.3,6.3,4.3,5.8,5.0,10.0,7.8,0.0,6.3,4.7,6.5,10.0,9.8,10.0,9.9,7.8,5.0,8.0,8.0,6.5,10.0,7.5,3.7,4.7,8.3,6.7,8.8,8.4,6.8,8.1,6.78,85.0
3,2017-01-01,ARE,United Arab Emirates,Middle East & North Africa,6.13,128.0,4.0,5.3,6.8,6.9,6.4,9.6,5.0,10.0,7.5,10.0,10.0,8.5,10.0,,,0.0,5.0,7.7,10.0,0.0,2.5,4.2,,,2.5,8.1,3.5,4.7,0.0,0.0,,,0.0,,,0.0,,,2.5,0.5,10.0,10.0,1.7,2.5,7.5,7.5,5.0,6.3,,0.0,0.0,0.0,0.0,0.0,5.09,148.0,4.1,8.7,2.0,10.0,10.0,10.0,4.4,5.8,7.2,6.5,7.4,8.3,6.7,5.8,9.9,8.3,8.9,0.5,5.7,9.2,7.4,9.6,10.0,9.1,10.0,9.0,6.3,8.4,7.0,8.3,7.6,10.0,7.6,5.4,5.3,6.1,8.0,5.0,8.4,,6.7,10.0,6.8,7.4,6.0,10,0.0,6.7,6.6,5.3,9.6,8.5,10.0,9.9,8.3,7.2,7.17,61.0
3,2017-01-01,YEM,"Yemen, Rep.",Middle East & North Africa,4.3,160.0,4.0,,,,2.4,7.3,0.0,0.0,0.0,1.0,4.9,1.2,8.1,,,0.0,4.1,4.2,0.0,5.0,0.0,1.7,,,,,,,,,,,,,,,,,,,7.6,10.0,1.3,1.0,,,,5.0,,0.0,0.0,0.0,0.0,0.0,2.75,161.0,10.0,9.0,4.0,10.0,8.0,9.0,3.5,7.1,2.4,2.6,3.1,4.2,3.3,3.8,9.0,2.6,3.2,0.7,3.2,9.9,6.9,5.1,10.0,8.0,8.9,8.5,7.8,8.4,4.0,10.0,7.0,4.8,2.6,6.9,1.0,3.5,5.9,,0.0,10.0,5.0,6.7,3.1,6.4,8.0,2.5,10.0,6.1,3.1,0.0,7.5,2.1,,7.2,4.0,5.0,5.84,140.0
3,2017-01-01,OMN,Oman,Middle East & North Africa,5.98,134.0,4.0,,,,5.9,9.8,10.0,10.0,7.5,10.0,10.0,9.5,10.0,,,0.0,5.0,8.1,10.0,0.0,2.5,4.2,,,2.5,8.9,3.7,5.0,2.5,2.5,,,0.0,,,5.0,,,2.5,2.5,10.0,10.0,1.7,3.3,5.0,2.5,5.0,5.3,,0.0,0.0,0.0,0.0,0.0,5.2,147.0,0.2,8.1,0.0,10.0,10.0,10.0,3.9,4.4,7.0,6.0,7.6,8.3,8.3,5.0,8.1,8.8,8.8,0.6,6.2,9.4,5.9,9.7,10.0,8.7,9.6,8.9,5.0,7.9,6.1,7.6,6.8,10.0,5.3,5.4,7.3,6.0,7.7,10.0,0.9,9.0,6.6,7.8,4.5,7.1,2.0,,10.0,6.3,5.2,6.2,9.8,6.0,8.1,9.2,7.4,6.8,6.76,89.0
3,2017-01-01,LBY,Libya,Middle East & North Africa,4.64,156.0,4.0,,,,2.3,9.0,10.0,0.0,0.0,0.0,4.6,2.9,10.0,,,7.5,8.8,6.9,5.0,5.0,7.5,5.8,,,7.5,7.5,5.8,6.9,2.5,2.5,,,2.5,,,2.5,,,2.5,2.5,10.0,10.0,2.7,1.3,7.5,7.5,5.0,6.3,,0.0,0.0,0.0,7.5,3.8,4.83,151.0,0.0,,0.0,10.0,9.0,9.5,5.1,3.7,3.4,2.4,3.3,5.0,6.7,3.6,,4.7,2.5,0.8,3.6,7.1,4.6,4.3,10.0,6.5,,,,,5.8,4.3,5.0,0.0,5.0,0.8,0.3,2.0,2.3,,10.0,7.0,8.5,7.2,4.3,6.7,8.0,4.4,10.0,6.8,4.3,0.0,8.6,3.1,,0.0,3.2,6.2,4.45,161.0
3,2017-01-01,SDN,Sudan,SubSaharan Africa,4.32,159.0,4.0,,,,3.4,7.9,0.0,8.9,2.5,9.3,9.1,6.0,1.3,,,0.0,0.7,4.9,10.0,0.0,0.0,3.3,,,7.5,8.2,3.8,6.5,2.5,2.5,,,2.5,,,2.5,,,7.5,3.5,10.0,10.0,1.3,1.0,10.0,0.0,7.5,5.7,,0.0,0.0,0.0,0.0,0.0,3.97,158.0,9.6,,10.0,10.0,7.0,8.5,2.5,7.6,,3.6,,0.0,4.2,3.8,8.9,,,0.5,3.0,5.5,3.5,3.5,5.0,4.4,,5.7,3.9,4.8,,0.9,0.9,0.0,,6.2,0.9,3.5,2.3,,6.2,,6.2,8.3,,,8.0,2.5,0.0,4.7,,4.0,8.7,,7.0,8.0,6.9,6.0,4.67,160.0
3,2017-01-01,MYS,Malaysia,South Asia,6.52,106.0,3.0,3.3,5.6,5.5,5.4,9.2,5.0,10.0,10.0,10.0,10.0,9.0,10.0,,,5.0,7.5,8.5,0.0,5.0,10.0,5.0,,,2.5,6.9,2.4,3.9,7.5,2.5,,,2.5,,,2.5,,,5.0,4.0,10.0,10.0,1.3,3.8,7.5,7.5,7.5,6.8,7.0,0.0,0.0,0.0,0.0,2.3,5.7,134.0,6.5,8.9,4.0,9.0,9.0,9.0,3.9,6.4,6.4,6.6,7.5,8.3,6.7,5.0,8.6,7.5,6.3,0.6,5.6,4.4,9.3,9.2,10.0,8.2,9.8,8.9,4.6,7.8,6.6,8.5,7.6,10.0,6.7,0.8,10.0,5.8,7.8,10.0,8.9,10.0,9.6,10.0,6.5,7.5,10.0,4.2,10.0,8.0,6.5,10.0,9.4,6.0,10.0,7.9,8.3,8.7,7.34,52.0
3,2017-01-01,SAU,Saudi Arabia,Middle East & North Africa,5.42,149.0,4.0,,,,5.3,9.5,10.0,10.0,2.5,9.7,9.6,8.4,10.0,,,0.0,5.0,7.6,0.0,0.0,0.0,0.0,,,0.0,7.1,2.5,3.2,2.5,2.5,,,0.0,,,0.0,,,5.0,2.0,10.0,6.7,0.3,2.0,7.5,7.5,5.0,5.6,,0.0,0.0,0.0,0.0,0.0,4.32,157.0,0.8,9.5,4.0,10.0,10.0,10.0,1.7,5.2,7.1,5.8,7.0,8.3,8.3,,10.0,8.3,7.3,0.4,5.3,9.6,6.5,9.8,10.0,9.0,9.2,8.8,3.5,7.2,5.9,,5.9,10.0,4.7,1.5,0.6,2.2,6.3,5.0,3.8,10.0,6.3,8.3,5.4,7.5,6.0,4.4,10.0,6.9,5.4,3.1,9.4,6.6,9.4,9.6,7.2,6.8,6.52,107.0
3,2017-01-01,QAT,Qatar,Middle East & North Africa,6.15,127.0,4.0,,,,6.3,9.8,10.0,10.0,10.0,10.0,10.0,10.0,10.0,,,0.0,5.0,8.3,5.0,0.0,0.0,1.7,,,2.5,8.6,3.0,4.7,0.0,2.5,,,0.0,,,0.0,,,10.0,2.5,10.0,10.0,3.0,3.3,7.5,7.5,7.5,7.0,,0.0,0.0,0.0,0.0,0.0,5.24,145.0,0.0,9.6,6.0,10.0,10.0,10.0,2.8,5.7,6.7,6.7,7.1,6.7,8.3,4.9,9.7,8.1,9.0,0.6,6.1,8.9,5.2,9.9,10.0,8.5,9.3,9.0,6.4,8.3,6.6,7.5,7.0,10.0,5.8,4.6,4.1,4.9,7.5,5.0,10.0,9.0,8.0,10.0,6.4,7.5,4.0,4.8,5.0,6.3,5.7,5.6,9.7,8.2,10.0,9.5,8.1,7.5,7.07,69.0
3,2017-01-01,JOR,Jordan,Middle East & North Africa,6.84,80.0,2.0,3.2,6.2,6.0,5.8,9.4,10.0,10.0,7.5,9.9,10.0,9.5,10.0,,,0.0,5.0,8.0,10.0,5.0,0.0,5.0,,,7.5,7.8,3.8,6.3,5.0,7.5,,,5.0,,,2.5,,,5.0,5.0,10.0,10.0,2.7,3.5,7.5,7.5,5.0,6.6,,10.0,10.0,10.0,0.0,5.0,6.23,115.0,5.8,8.2,10.0,10.0,5.0,7.5,6.2,7.6,6.6,5.1,6.5,6.7,5.8,3.7,6.7,8.2,6.5,0.6,4.8,9.4,9.3,9.3,10.0,9.5,9.2,8.0,4.0,7.1,5.0,6.7,5.9,10.0,5.6,6.2,10.0,7.2,7.5,10.0,6.2,10.0,8.7,7.8,5.2,7.1,6.0,10,10.0,7.7,4.2,4.4,9.3,5.3,9.8,8.6,7.0,7.8,7.44,43.0
3,2017-01-01,SYR,Syria,Middle East & North Africa,3.79,162.0,4.0,,,,1.8,9.1,0.0,0.0,0.0,0.0,0.0,0.0,10.0,,,0.0,5.0,4.7,0.0,0.0,2.5,0.8,,,,5.4,3.4,4.4,,,,,,,,,,,,,0.0,6.7,0.3,0.5,,,,1.9,,0.0,0.0,0.0,0.0,0.0,2.53,162.0,6.8,9.0,2.0,9.0,5.0,7.0,3.8,5.7,3.1,1.9,5.9,3.3,7.5,3.2,4.1,,6.1,0.5,3.2,9.5,0.0,4.2,10.0,5.9,8.4,6.7,0.6,5.2,4.6,2.8,3.7,9.1,4.6,0.8,0.0,1.8,5.0,2.0,4.8,10.0,5.6,8.3,5.0,4.7,6.0,10,0.0,5.7,3.8,0.9,9.2,4.1,,6.2,4.8,5.4,5.05,155.0
3,2017-01-01,IRQ,Iraq,Middle East & North Africa,4.34,158.0,4.0,,,,2.6,6.1,0.0,0.0,0.0,0.0,0.0,0.0,9.2,,,0.0,4.6,3.6,5.0,5.0,2.5,4.2,,,7.5,5.2,3.2,5.3,5.0,7.5,,,5.0,,,2.5,,,2.5,4.5,1.3,9.7,2.3,2.0,7.5,7.5,7.5,5.4,,0.0,0.0,0.0,0.0,0.0,3.47,160.0,4.3,8.3,0.0,10.0,8.0,9.0,3.7,5.0,,2.7,,0.0,2.5,4.8,6.7,,,0.7,2.8,6.0,4.6,8.0,10.0,7.1,9.7,,,9.7,6.7,0.5,3.6,7.7,,2.3,0.0,1.2,5.5,,4.1,5.0,4.5,2.2,,,6.0,6.5,10.0,6.2,,0.0,8.7,,8.2,6.5,5.8,5.5,5.21,153.0
3,2017-01-01,KWT,Kuwait,Middle East & North Africa,6.19,124.0,4.0,,,,5.3,9.3,10.0,10.0,7.5,10.0,10.0,9.5,10.0,,,0.0,5.0,7.9,10.0,5.0,5.0,6.7,,,2.5,8.1,3.4,4.6,7.5,7.5,,,0.0,,,2.5,,,2.5,4.0,10.0,10.0,3.0,4.3,10.0,7.5,7.5,7.5,,0.0,10.0,5.0,2.5,3.8,5.97,123.0,1.0,6.9,4.0,10.0,10.0,10.0,4.2,5.2,6.0,5.1,6.0,8.3,6.7,5.1,9.2,6.7,6.7,0.5,5.0,9.5,4.3,9.6,10.0,8.4,9.4,9.1,7.7,8.7,5.3,3.6,4.4,10.0,3.1,2.3,6.2,3.9,6.8,10.0,10.0,7.0,9.0,10.0,4.9,6.3,4.0,4.4,3.0,5.4,4.0,1.6,8.8,4.0,7.1,8.9,5.7,6.7,6.41,114.0
3,2017-01-01,DZA,Algeria,Middle East & North Africa,4.99,155.0,4.0,,,,3.8,9.5,10.0,9.5,5.0,9.9,9.9,8.9,10.0,,,0.0,5.0,7.8,10.0,5.0,2.5,5.8,,,5.0,6.9,3.0,4.9,5.0,5.0,,,5.0,,,5.0,,,5.0,5.0,10.0,9.5,2.7,4.0,10.0,7.5,7.5,7.3,,0.0,0.0,0.0,0.0,0.0,5.2,146.0,2.7,7.8,0.0,7.0,2.0,4.5,2.9,3.6,4.3,4.3,4.8,4.2,5.0,4.4,6.6,6.1,6.7,0.8,4.7,7.0,8.5,8.9,5.0,7.3,8.5,6.2,5.9,6.9,4.8,0.5,2.6,0.0,3.7,0.0,1.1,1.6,2.8,0.0,5.3,10.0,5.1,5.6,4.1,6.0,6.0,7.8,3.0,5.4,3.7,1.8,9.3,3.8,8.7,7.0,5.7,5.4,4.77,159.0
3,2017-01-01,AGO,Angola,SubSaharan Africa,5.4,151.0,4.0,,,,3.4,8.1,10.0,9.7,7.5,9.9,7.2,8.9,10.0,,,5.0,7.5,8.1,5.0,5.0,10.0,6.7,,,10.0,8.9,7.5,8.8,2.5,2.5,,,2.5,,,5.0,,,7.5,4.0,10.0,10.0,2.7,2.5,7.5,5.0,7.5,6.5,10.0,0.0,0.0,0.0,5.0,5.0,5.98,121.0,6.3,8.9,6.0,10.0,9.0,9.5,3.1,6.8,1.4,1.7,3.3,3.3,4.2,2.3,5.5,3.4,4.3,0.8,3.0,9.4,4.2,3.7,5.0,5.6,9.2,7.7,4.3,7.1,4.9,2.5,3.7,0.0,2.9,3.1,0.1,2.0,3.2,5.0,9.2,6.0,6.7,10.0,4.4,7.2,4.0,6.6,0.0,5.4,2.4,1.3,8.7,1.9,8.1,6.8,4.9,5.7,4.83,158.0
3,2017-01-01,IRN,Iran,Middle East & North Africa,5.1,154.0,4.0,2.1,5.2,4.5,4.4,9.0,5.0,9.9,2.5,9.8,9.8,7.4,10.0,,,0.0,5.0,7.1,0.0,0.0,0.0,0.0,,,2.5,6.9,3.4,4.3,2.5,5.0,,,5.0,,,2.5,,,5.0,4.0,10.0,9.5,0.0,1.0,7.5,5.0,5.0,5.4,7.0,0.0,0.0,0.0,0.0,2.3,4.48,156.0,5.3,8.0,4.0,7.0,7.0,7.0,3.0,5.5,4.3,3.6,4.8,7.5,6.7,5.5,7.5,5.6,5.7,0.6,4.6,8.4,3.7,10.0,10.0,8.0,7.5,4.7,0.0,4.1,4.9,4.4,4.7,9.3,3.8,0.8,0.4,1.7,4.9,0.0,9.2,10.0,6.4,7.8,4.5,5.3,8.0,2.5,1.0,4.8,3.6,1.3,7.7,4.3,8.8,7.6,5.5,5.6,5.72,143.0
3,2017-01-01,BHR,Bahrain,Middle East & North Africa,6.63,95.0,3.0,,,,5.9,9.8,10.0,10.0,2.5,8.7,6.5,7.5,10.0,,,0.0,5.0,7.4,10.0,0.0,2.5,4.2,,,10.0,8.4,4.0,7.5,5.0,0.0,,,0.0,,,10.0,,,10.0,5.0,10.0,0.0,0.7,0.8,7.5,7.5,2.5,4.1,,10.0,10.0,10.0,0.0,5.0,5.91,126.0,5.0,8.0,10.0,10.0,10.0,10.0,1.8,7.0,6.8,6.2,7.4,5.0,7.5,4.8,8.9,7.8,7.3,0.5,5.2,10.0,7.8,9.7,10.0,9.4,9.5,9.0,6.4,8.3,6.7,6.4,6.6,10.0,7.5,6.2,0.8,4.8,7.4,10.0,2.8,10.0,7.6,8.3,5.7,7.7,8.0,7,10.0,7.8,6.1,8.0,9.7,6.6,8.1,9.7,8.0,7.8,7.35,50.0
3,2017-01-01,EGY,Egypt,Middle East & North Africa,4.5,157.0,4.0,1.8,3.8,4.2,3.6,9.0,0.0,8.3,2.5,7.0,8.7,5.3,1.3,,,0.0,0.7,5.0,10.0,0.0,2.5,4.2,,,2.5,5.9,2.8,3.7,5.0,2.5,,,2.5,,,2.5,,,5.0,3.5,10.0,7.9,1.3,1.5,7.5,10.0,7.5,6.5,,0.0,0.0,0.0,0.0,0.0,3.95,159.0,8.7,7.1,0.0,9.0,5.0,7.0,1.5,4.9,6.9,4.3,5.5,1.7,5.0,3.4,8.2,6.3,5.7,0.5,4.0,6.5,7.4,4.1,5.0,5.8,8.3,6.2,0.0,4.8,5.4,2.0,3.7,10.0,4.3,4.6,5.2,4.7,5.8,2.0,0.0,9.0,3.7,10.0,4.8,6.4,8.0,0.6,0.0,5.0,3.7,2.9,9.2,4.8,8.1,5.6,5.7,4.8,5.05,155.0
3,2017-01-01,BRN,Brunei Darussalam,South Asia,5.69,140.0,4.0,,,,6.2,9.8,10.0,10.0,,10.0,10.0,10.0,10.0,,,0.0,5.0,8.3,10.0,0.0,2.5,4.2,,,0.0,,,0.0,0.0,0.0,,,0.0,,,2.5,,,2.5,1.0,10.0,10.0,0.7,3.8,2.5,2.5,2.5,4.6,0.0,0.0,10.0,5.0,0.0,1.7,4.76,154.0,0.0,,0.0,10.0,10.0,10.0,,3.3,5.0,3.4,5.5,8.3,8.3,4.2,4.8,6.7,7.2,0.8,5.3,9.5,5.6,10.0,10.0,8.8,,10.0,9.3,9.6,5.3,2.3,3.8,10.0,5.1,6.2,4.3,5.2,7.2,,8.3,10.0,9.1,10.0,4.7,7.5,10.0,10,10.0,8.7,3.8,8.0,9.8,5.8,9.6,9.4,7.7,8.5,6.62,100.0
4,2017-01-01,COL,Colombia,Latin America & the Caribbean,6.93,71.0,2.0,5.0,4.9,3.4,4.4,0.0,0.0,10.0,2.5,9.4,9.5,6.3,10.0,,,10.0,10.0,5.4,10.0,10.0,10.0,10.0,,,10.0,8.2,8.0,8.7,10.0,10.0,,,10.0,,,10.0,,,10.0,10.0,9.3,10.0,5.7,3.5,10.0,10.0,10.0,8.4,10.0,10.0,10.0,10.0,10.0,10.0,7.18,69.0,6.5,8.0,10.0,7.0,2.0,4.5,7.2,7.2,3.1,2.8,4.9,4.2,3.3,2.2,9.1,4.0,3.2,0.9,3.9,9.4,9.2,9.1,5.0,8.2,9.1,8.9,6.4,8.1,4.9,3.6,4.3,8.8,5.5,1.5,9.6,5.6,6.7,10.0,9.7,10.0,9.9,8.9,3.9,6.3,10.0,4.8,1.0,5.8,2.7,6.7,9.5,2.9,8.8,7.1,6.3,7.3,6.68,94.0
4,2017-01-01,DOM,Dominican Rep.,Latin America & the Caribbean,6.95,68.0,2.0,5.2,4.5,3.3,4.4,5.5,10.0,10.0,7.5,9.9,10.0,9.5,10.0,,,10.0,10.0,8.3,5.0,10.0,10.0,8.3,,,10.0,10.0,5.5,8.5,7.5,7.5,,,7.5,,,5.0,,,10.0,7.5,3.8,10.0,7.3,4.8,10.0,10.0,10.0,8.0,0.0,10.0,10.0,10.0,7.5,5.8,6.98,77.0,7.4,9.7,0.0,9.0,7.0,8.0,7.1,6.4,2.3,3.0,5.0,5.0,4.2,3.5,8.0,2.7,3.3,1.0,4.1,9.2,9.5,9.3,10.0,9.5,8.8,8.5,6.5,7.9,5.2,8.9,7.0,10.0,6.5,3.8,10.0,6.8,7.9,5.0,10.0,10.0,8.3,5.6,3.7,6.1,8.0,2.8,10.0,6.0,3.1,4.7,9.2,2.2,7.6,6.4,5.5,6.6,6.92,77.0
4,2017-01-01,PRY,Paraguay,Latin America & the Caribbean,6.9,73.0,2.0,,,,4.1,6.4,10.0,10.0,5.0,9.8,10.0,9.0,10.0,,,5.0,7.5,7.6,10.0,10.0,10.0,10.0,,,7.5,9.6,7.5,8.2,7.5,10.0,,,5.0,,,7.5,,,7.5,7.5,5.1,10.0,4.7,4.0,10.0,10.0,10.0,7.7,0.0,10.0,10.0,10.0,5.0,5.0,6.78,87.0,7.5,8.8,8.0,10.0,7.0,8.5,8.7,8.3,1.7,2.4,4.7,2.5,3.3,4.1,8.5,2.9,4.7,1.0,3.9,9.5,9.0,9.3,10.0,9.4,9.0,8.0,6.8,8.0,5.5,6.0,5.7,10.0,6.2,3.8,6.7,5.6,7.3,8.0,9.8,9.0,8.9,4.4,3.8,6.9,6.0,2.6,1.0,4.1,4.0,4.7,8.5,2.5,8.9,5.8,5.7,6.2,7.03,72.0
4,2017-01-01,ECU,Ecuador,Latin America & the Caribbean,6.82,82.0,2.0,4.4,4.6,3.8,4.3,7.7,10.0,10.0,7.5,10.0,10.0,9.5,10.0,,,7.5,8.8,8.6,10.0,10.0,10.0,10.0,,,5.0,9.3,9.1,7.8,7.5,10.0,,,5.0,,,2.5,,,7.5,6.5,10.0,9.4,2.3,3.3,10.0,10.0,10.0,7.9,10.0,10.0,10.0,10.0,7.5,9.2,7.36,64.0,6.0,9.6,6.0,6.0,4.0,5.0,6.0,6.5,1.3,2.2,3.9,2.5,4.2,4.9,8.6,4.7,4.6,1.0,4.0,9.3,9.1,9.9,5.0,8.3,6.5,7.6,4.9,6.3,3.2,5.2,4.2,10.0,3.4,3.1,10.0,5.5,6.5,8.0,7.7,10.0,8.6,4.4,2.4,6.4,6.0,0.6,10.0,5.0,2.1,3.1,8.2,2.6,8.8,2.6,4.6,6.0,6.28,118.0
4,2017-01-01,PER,Peru,Latin America & the Caribbean,7.55,49.0,2.0,6.2,4.4,3.6,4.7,6.9,10.0,10.0,7.5,9.9,10.0,9.5,10.0,,,7.5,8.8,8.4,10.0,10.0,10.0,10.0,,,10.0,9.3,5.4,8.2,10.0,7.5,,,10.0,,,7.5,,,10.0,9.0,10.0,10.0,5.3,5.3,10.0,10.0,10.0,8.7,10.0,10.0,10.0,10.0,2.5,7.5,7.61,55.0,6.7,9.6,7.0,8.0,3.0,5.5,8.9,7.5,3.2,2.5,4.4,7.5,5.0,5.1,8.8,2.7,3.5,1.0,4.7,9.8,9.6,9.4,10.0,9.7,9.7,9.5,8.4,9.2,5.8,5.8,5.8,10.0,6.6,8.5,9.0,8.0,8.2,8.0,8.6,9.0,8.5,3.9,3.0,7.7,10.0,7,10.0,6.9,2.3,7.8,9.1,3.1,7.9,7.1,6.2,7.2,7.49,42.0
4,2017-01-01,PHL,Philippines,South Asia,6.88,76.0,2.0,2.2,4.7,3.1,3.4,6.6,5.0,4.8,2.5,8.4,8.7,5.9,10.0,,,5.0,7.5,6.7,10.0,10.0,2.5,7.5,,,10.0,8.1,7.4,8.5,7.5,7.5,,,7.5,,,10.0,,,7.5,8.0,9.0,10.0,5.3,5.0,10.0,10.0,10.0,8.5,10.0,10.0,10.0,10.0,0.0,6.7,6.44,103.0,7.8,9.1,10.0,7.0,7.0,7.0,7.5,8.3,3.8,3.4,5.6,3.3,4.2,3.1,7.9,3.7,4.3,0.9,4.2,9.2,9.4,9.4,10.0,9.5,7.3,8.7,7.3,7.8,5.9,5.1,5.5,10.0,5.4,0.8,10.0,5.4,7.2,8.0,9.7,10.0,9.2,7.8,4.8,6.5,10.0,2.5,10.0,6.9,3.3,4.7,8.8,2.8,8.9,8.0,6.1,7.4,7.32,53.0
4,2017-01-01,MEX,Mexico,Latin America & the Caribbean,6.65,92.0,3.0,4.1,4.0,3.0,3.9,0.1,0.0,10.0,7.5,9.9,10.0,7.5,10.0,,,7.5,8.8,5.4,10.0,10.0,10.0,10.0,,,7.5,7.4,7.8,7.6,10.0,10.0,,,7.5,,,7.5,,,7.5,8.5,7.7,10.0,3.7,2.3,10.0,10.0,10.0,7.7,10.0,10.0,10.0,10.0,0.0,6.7,6.38,106.0,7.3,6.4,10.0,8.0,8.0,8.0,7.9,7.9,3.1,3.0,5.0,5.0,2.5,6.1,7.6,2.4,2.8,1.0,4.2,8.5,9.3,8.8,5.0,7.9,9.8,8.6,5.9,8.1,5.9,8.5,7.2,10.0,7.0,1.5,7.3,5.3,7.6,8.0,9.4,10.0,9.1,6.7,4.0,6.9,8.0,4.8,3.0,5.6,2.8,6.9,9.6,2.6,9.4,7.3,6.4,7.0,6.93,76.0
4,2017-01-01,SLV,El Salvador,Latin America & the Caribbean,6.89,75.0,2.0,4.5,5.0,3.0,4.4,0.0,5.0,10.0,7.5,10.0,10.0,8.5,10.0,,,7.5,8.8,5.8,5.0,10.0,10.0,8.3,,,10.0,9.4,7.8,9.1,7.5,7.5,,,7.5,,,7.5,,,10.0,8.0,10.0,10.0,6.7,5.5,10.0,10.0,10.0,8.9,0.0,10.0,10.0,10.0,10.0,6.7,6.62,93.0,7.1,9.3,8.0,8.0,8.0,8.0,9.6,8.4,3.7,2.5,4.1,4.2,2.5,3.8,8.2,2.4,0.8,1.0,3.6,9.8,9.8,9.8,10.0,9.9,9.2,8.8,6.6,8.2,4.8,8.6,6.7,10.0,5.3,3.8,7.9,5.7,7.6,8.0,9.6,10.0,9.2,4.4,3.4,7.1,6.0,2.6,3.0,4.4,2.4,4.4,9.0,2.5,5.8,8.0,5.4,6.3,7.16,63.0
4,2017-01-01,NIC,Nicaragua,Latin America & the Caribbean,6.86,77.0,2.0,4.0,3.9,3.4,3.8,7.1,10.0,10.0,7.5,10.0,10.0,9.5,10.0,,,10.0,10.0,8.9,10.0,10.0,10.0,10.0,,,7.5,9.7,6.6,7.9,5.0,2.5,,,2.5,,,2.5,,,7.5,4.0,10.0,10.0,5.3,4.0,7.5,5.0,7.5,7.0,0.0,10.0,10.0,10.0,10.0,6.7,6.72,89.0,6.5,10.0,6.0,8.0,4.0,6.0,4.7,6.6,1.0,1.9,4.2,4.2,5.8,5.1,7.0,5.2,6.4,1.0,4.4,8.3,9.1,9.2,10.0,9.1,9.6,8.9,7.0,8.5,5.0,6.1,5.5,10.0,6.3,5.4,10.0,7.2,7.8,10.0,9.4,9.0,9.5,6.7,5.1,5.7,2.0,6.3,10.0,6.0,3.3,4.0,8.9,2.5,7.2,7.7,5.6,7.0,7.01,74.0
4,2017-01-01,KHM,Cambodia,South Asia,7.13,63.0,2.0,1.9,2.0,2.7,2.6,9.3,5.0,10.0,7.5,10.0,10.0,8.5,10.0,,,7.5,8.8,8.8,10.0,5.0,7.5,7.5,,,10.0,8.6,6.2,8.3,10.0,7.5,,,5.0,,,5.0,,,10.0,7.5,10.0,8.8,2.0,3.3,10.0,10.0,10.0,7.7,,10.0,10.0,10.0,7.5,8.8,6.82,86.0,9.8,9.6,8.0,10.0,10.0,10.0,8.0,9.1,2.6,3.2,4.9,6.8,,1.8,7.5,3.5,5.1,1.0,4.4,8.3,9.6,9.4,10.0,9.3,8.7,7.8,6.4,7.6,5.3,4.0,4.6,10.0,5.8,5.4,10.0,7.1,7.3,,10.0,9.0,9.5,6.7,5.3,5.8,10.0,6.3,5.0,6.5,4.2,4.2,6.1,3.2,5.0,8.1,5.1,7.0,7.44,43.0
4,2017-01-01,BRA,Brazil,Latin America & the Caribbean,6.48,109.0,3.0,5.0,5.3,3.7,4.7,0.0,10.0,10.0,10.0,10.0,10.0,10.0,10.0,,,10.0,10.0,6.7,10.0,10.0,10.0,10.0,,,5.0,8.2,9.1,7.4,10.0,10.0,,,2.5,,,2.5,,,7.5,6.5,9.8,10.0,5.3,4.5,10.0,10.0,10.0,8.5,0.0,10.0,10.0,10.0,10.0,6.7,6.74,88.0,4.7,5.2,4.0,8.0,4.0,6.0,8.4,5.7,4.8,2.9,5.3,6.7,3.3,3.6,8.2,4.2,2.8,1.0,4.5,9.1,9.2,9.3,10.0,9.4,8.6,7.3,6.1,7.4,4.0,7.9,5.9,10.0,5.2,2.3,8.2,5.2,7.1,5.0,4.9,5.0,5.0,2.2,1.7,5.2,6.0,7.1,3.0,4.2,1.1,6.0,9.3,2.9,5.0,0.0,4.0,4.4,6.23,120.0
4,2017-01-01,JAM,Jamaica,Latin America & the Caribbean,7.2,59.0,2.0,5.8,5.4,5.0,5.4,0.0,10.0,10.0,7.5,10.0,10.0,9.5,10.0,,,10.0,10.0,6.5,10.0,10.0,10.0,10.0,,,10.0,9.4,8.5,9.3,10.0,10.0,,,10.0,,,7.5,,,10.0,9.5,10.0,10.0,9.0,7.8,10.0,10.0,10.0,9.5,0.0,0.0,10.0,5.0,7.5,4.2,7.23,66.0,7.5,8.4,7.0,8.0,5.0,6.5,8.0,7.5,6.4,4.1,5.9,10.0,3.3,3.3,6.4,4.5,2.9,1.0,5.1,5.4,9.4,9.1,10.0,8.5,1.3,8.3,5.5,5.0,6.5,5.7,6.1,10.0,7.0,1.5,10.0,6.2,6.8,10.0,9.7,9.0,9.6,8.9,5.0,7.2,10.0,6.5,10.0,7.9,3.7,5.6,9.9,4.0,8.6,7.0,6.4,8.0,7.17,61.0
4,2017-01-01,ARG,Argentina,Latin America & the Caribbean,6.86,77.0,2.0,7.1,5.8,4.3,5.7,8.0,5.0,10.0,7.5,10.0,10.0,8.5,10.0,,,10.0,10.0,8.8,10.0,10.0,10.0,10.0,,,7.5,9.0,6.9,7.8,7.5,10.0,,,5.0,,,7.5,,,7.5,7.5,10.0,10.0,5.7,5.5,10.0,10.0,10.0,8.7,10.0,10.0,10.0,10.0,10.0,10.0,8.04,41.0,5.4,6.3,6.0,7.0,1.0,4.0,6.9,5.7,3.6,3.0,4.4,7.5,3.3,3.6,6.9,3.7,4.1,0.8,4.0,5.0,6.0,4.9,10.0,6.5,6.7,7.3,5.9,6.6,4.6,5.2,4.9,10.0,5.4,0.8,8.0,4.7,6.5,5.0,4.3,9.0,6.1,2.8,2.2,3.3,10.0,2.5,10.0,5.1,2.5,7.1,9.6,3.3,5.4,6.5,5.7,5.6,5.67,147.0
4,2017-01-01,BOL,Bolivia,Latin America & the Caribbean,6.61,97.0,3.0,3.2,3.4,2.1,3.1,7.5,10.0,10.0,7.5,10.0,10.0,9.5,10.0,,,7.5,8.8,8.6,10.0,5.0,10.0,8.3,,,7.5,8.9,8.9,8.4,7.5,7.5,,,5.0,,,5.0,,,7.5,6.5,10.0,10.0,4.7,4.3,10.0,10.0,10.0,8.4,10.0,10.0,10.0,10.0,10.0,10.0,7.07,75.0,5.9,8.8,0.0,10.0,10.0,10.0,4.8,5.9,0.2,1.3,2.6,5.0,4.2,4.5,6.8,2.8,6.0,0.9,3.5,9.8,8.1,9.4,10.0,9.3,9.2,7.6,7.1,8.0,4.8,3.0,3.9,10.0,4.0,4.6,10.0,6.2,7.0,8.0,4.9,10.0,7.6,1.1,2.0,5.1,8.0,,3.0,3.8,1.8,2.2,8.1,2.1,5.7,0.0,3.3,4.9,6.14,126.0
4,2017-01-01,BIH,Bosnia and Herzegovina,Eastern Europe,7.37,55.0,2.0,5.5,5.0,5.1,5.5,9.5,10.0,10.0,5.0,10.0,10.0,9.0,10.0,,,7.5,8.8,9.1,10.0,5.0,10.0,8.3,,,10.0,8.4,7.1,8.5,10.0,7.5,,,10.0,,,10.0,,,10.0,9.5,10.0,10.0,6.3,4.3,10.0,10.0,10.0,8.7,7.0,10.0,10.0,10.0,10.0,9.0,8.04,42.0,5.7,5.6,4.0,10.0,3.0,6.5,6.3,5.6,2.7,2.0,3.7,5.3,,3.8,7.8,4.3,5.2,0.9,4.2,8.8,9.7,9.8,5.0,8.3,10.0,8.7,6.8,8.5,5.2,9.6,7.4,10.0,4.7,3.1,8.5,5.4,7.8,10.0,10.0,10.0,10.0,5.6,3.7,7.4,10.0,7.5,10.0,7.3,2.2,5.1,7.2,3.1,7.7,5.4,5.1,7.5,6.69,92.0
4,2017-01-01,ZAF,South Africa,SubSaharan Africa,7.08,64.0,2.0,5.9,6.1,5.2,5.7,0.0,10.0,10.0,5.0,9.9,10.0,9.0,10.0,,,7.5,8.8,5.9,10.0,10.0,10.0,10.0,,,10.0,8.3,9.8,9.4,10.0,10.0,,,10.0,,,10.0,,,10.0,10.0,10.0,10.0,7.3,5.0,10.0,10.0,10.0,8.9,7.0,10.0,10.0,10.0,7.5,8.2,7.55,58.0,4.1,8.1,4.0,5.0,4.0,4.5,8.1,5.8,6.1,5.1,5.4,8.3,3.3,3.9,7.0,3.7,2.6,1.0,5.0,9.0,9.7,9.0,5.0,8.2,8.8,8.5,4.8,7.4,5.5,4.7,5.1,10.0,6.0,0.8,8.3,5.0,6.9,10.0,7.5,10.0,9.2,5.6,3.5,4.3,8.0,8.3,10.0,6.6,3.7,3.6,8.7,2.8,8.4,7.6,5.8,7.2,6.61,101.0
4,2017-01-01,HND,Honduras,Latin America & the Caribbean,6.81,84.0,3.0,3.1,4.1,2.4,3.2,0.0,10.0,10.0,7.5,9.9,10.0,9.5,10.0,,,10.0,10.0,6.5,10.0,10.0,10.0,10.0,,,10.0,8.8,7.4,8.7,7.5,7.5,,,7.5,,,10.0,,,10.0,8.5,0.0,10.0,4.0,1.8,10.0,10.0,10.0,6.5,0.0,10.0,10.0,10.0,10.0,6.7,6.47,102.0,7.3,10.0,8.0,9.0,9.0,9.0,9.9,8.8,3.0,3.1,4.9,4.2,3.3,2.9,7.6,3.0,2.2,1.0,3.7,8.0,9.2,9.2,10.0,9.1,9.5,8.9,6.9,8.4,5.2,4.5,4.8,10.0,5.9,2.3,8.6,5.6,7.2,10.0,9.6,9.0,9.5,0.0,4.5,5.8,8.0,2.5,10.0,5.1,2.8,4.4,9.2,3.2,9.4,7.5,6.1,6.9,7.16,63.0
4,2017-01-01,MKD,North Macedonia,Eastern Europe,7.34,56.0,2.0,4.1,5.6,4.7,5.0,9.4,10.0,10.0,5.0,10.0,10.0,9.0,10.0,,,7.5,8.8,9.1,10.0,5.0,10.0,8.3,,,10.0,8.7,6.3,8.3,7.5,7.5,,,5.0,,,10.0,,,10.0,8.0,10.0,10.0,3.7,3.8,10.0,10.0,7.5,7.8,7.0,10.0,10.0,10.0,10.0,9.0,7.66,54.0,6.3,4.6,7.0,10.0,7.0,8.5,7.3,6.7,2.2,2.1,4.1,5.6,,3.9,8.4,4.1,5.7,0.9,4.3,8.6,9.3,9.7,5.0,8.1,9.6,8.6,6.5,8.3,5.2,9.6,7.4,10.0,6.1,3.1,8.5,5.9,7.9,10.0,9.1,10.0,9.7,6.1,4.5,5.5,8.0,7.8,10.0,7.0,3.1,8.4,9.5,5.0,9.4,8.7,7.4,8.0,7.02,73.0
4,2017-01-01,GTM,Guatemala,Latin America & the Caribbean,7.07,65.0,2.0,5.4,3.5,3.0,4.0,0.0,10.0,10.0,5.0,10.0,10.0,9.0,10.0,,,7.5,8.8,5.9,10.0,10.0,10.0,10.0,,,10.0,8.9,6.5,8.5,7.5,7.5,,,10.0,,,2.5,,,10.0,7.5,10.0,9.4,4.0,4.3,10.0,10.0,10.0,8.2,0.0,10.0,10.0,10.0,10.0,6.7,6.56,95.0,8.8,9.9,10.0,10.0,9.0,9.5,9.0,9.4,4.1,3.0,5.0,6.7,4.2,3.4,8.3,3.1,2.6,0.9,4.3,9.2,9.9,9.1,10.0,9.5,9.3,8.9,7.5,8.6,5.8,6.6,6.2,10.0,6.4,6.9,8.7,7.4,8.0,10.0,8.9,10.0,9.6,3.3,5.0,7.1,4.0,1.3,3.0,3.9,3.2,5.3,9.3,3.4,7.2,7.2,5.9,6.5,7.57,34.0
5,2017-01-01,ROU,Romania,Eastern Europe,8.11,30.0,1.0,6.8,6.5,5.7,6.3,9.4,10.0,10.0,10.0,10.0,10.0,10.0,10.0,,,10.0,10.0,9.8,10.0,10.0,10.0,10.0,,,10.0,7.9,5.7,7.9,10.0,10.0,,,10.0,,,10.0,,,10.0,10.0,10.0,10.0,7.0,6.0,10.0,10.0,10.0,9.0,7.0,10.0,10.0,10.0,7.5,8.2,8.54,32.0,6.0,6.9,8.0,10.0,4.0,7.0,7.0,7.0,5.1,3.5,6.0,8.3,5.0,5.0,9.3,6.0,6.8,1.0,6.1,8.2,9.6,9.7,10.0,9.4,9.0,9.0,6.7,8.2,6.0,10.0,8.0,10.0,6.3,8.5,7.7,7.5,8.4,8.0,8.6,10.0,8.9,3.9,5.6,7.1,8.0,10,10.0,7.4,2.9,6.7,8.9,3.5,6.7,8.2,6.1,7.5,7.68,28.0
5,2017-01-01,POL,Poland,Eastern Europe,7.78,40.0,1.0,6.6,6.4,6.2,6.4,9.7,10.0,10.0,7.5,10.0,10.0,9.5,10.0,,,10.0,10.0,9.7,10.0,10.0,10.0,10.0,,,5.0,8.2,5.9,6.3,10.0,10.0,,,10.0,,,7.5,,,7.5,9.0,10.0,10.0,6.3,6.5,7.5,10.0,10.0,8.6,7.0,10.0,10.0,10.0,10.0,9.0,8.32,37.0,4.9,5.4,7.0,7.0,1.0,4.0,6.9,5.6,3.3,2.9,5.0,10.0,5.8,4.1,9.3,5.1,6.4,1.0,5.8,9.5,9.7,9.6,10.0,9.7,9.0,9.0,6.7,8.2,5.8,10.0,7.9,10.0,6.3,2.3,7.7,5.4,7.9,5.0,8.5,10.0,7.8,5.6,3.9,7.5,8.0,7.8,10.0,7.1,3.0,8.7,8.7,4.7,8.4,6.3,6.6,7.2,7.24,59.0
5,2017-01-01,ESP,Spain,Western Europe,8.12,29.0,1.0,8.1,6.6,6.4,7.0,9.7,10.0,10.0,10.0,9.8,9.5,9.9,10.0,,,7.5,8.8,9.4,10.0,10.0,10.0,10.0,,,10.0,7.7,6.3,8.0,10.0,7.5,,,10.0,,,10.0,,,10.0,9.5,10.0,10.0,8.0,6.5,10.0,10.0,10.0,9.2,7.0,10.0,10.0,10.0,10.0,9.0,8.69,30.0,4.6,4.8,10.0,4.0,4.0,4.0,7.0,6.1,5.2,3.8,5.9,8.3,8.3,5.6,7.7,8.6,7.2,1.0,6.8,8.2,9.8,9.6,10.0,9.4,9.0,9.0,6.7,8.2,6.3,10.0,8.1,10.0,6.8,3.1,7.7,5.9,8.1,10.0,8.0,10.0,9.3,3.9,3.5,6.4,8.0,5.1,10.0,6.1,2.9,7.6,9.5,4.7,8.5,8.3,6.9,7.5,7.55,36.0
5,2017-01-01,CHL,Chile,Latin America & the Caribbean,8.15,28.0,1.0,7.7,6.3,5.6,6.5,8.3,10.0,10.0,10.0,10.0,10.0,10.0,10.0,,,10.0,10.0,9.4,10.0,10.0,10.0,10.0,,,10.0,9.1,8.7,9.3,10.0,10.0,,,10.0,,,10.0,,,10.0,10.0,10.0,10.0,7.3,6.8,10.0,10.0,10.0,9.2,0.0,10.0,10.0,10.0,7.5,5.8,8.41,36.0,6.4,8.5,10.0,7.0,7.0,7.0,9.0,8.2,6.5,4.7,7.0,7.5,7.5,5.3,9.1,8.0,5.2,0.9,6.4,9.1,9.5,9.6,10.0,9.5,9.8,9.8,9.8,9.8,7.2,6.8,7.0,10.0,7.6,3.1,9.1,6.6,8.3,8.0,8.8,9.0,8.6,6.7,3.4,8.3,10.0,2.5,1.0,5.3,3.9,7.8,9.7,6.0,7.7,6.7,7.0,7.0,7.89,13.0
5,2017-01-01,SRB,Serbia,Eastern Europe,7.3,58.0,2.0,4.1,4.9,3.6,4.4,9.6,10.0,10.0,7.5,10.0,10.0,9.5,10.0,,,7.5,8.8,9.3,10.0,10.0,10.0,10.0,,,10.0,8.9,5.9,8.3,7.5,7.5,,,7.5,,,7.5,,,10.0,8.0,10.0,10.0,5.0,4.8,10.0,10.0,10.0,8.5,7.0,10.0,10.0,10.0,7.5,8.2,7.71,52.0,6.4,3.7,8.0,10.0,5.0,7.5,6.2,6.4,3.2,3.0,4.2,6.7,5.8,3.2,8.7,5.0,5.6,1.0,5.0,9.1,9.5,9.4,5.0,8.2,9.3,8.5,7.2,8.3,5.1,9.8,7.5,10.0,5.6,1.5,7.0,4.7,7.6,8.0,7.4,9.0,8.1,2.2,4.5,7.0,10.0,7.5,10.0,6.9,2.8,6.2,9.8,3.6,9.2,7.5,6.5,7.2,6.89,80.0
5,2017-01-01,TWN,Taiwan,East Asia,8.4,19.0,1.0,,,,7.0,9.7,10.0,10.0,7.5,10.0,10.0,9.5,10.0,,,7.5,8.8,9.3,10.0,10.0,10.0,10.0,,,10.0,9.3,8.8,9.4,10.0,10.0,,,10.0,,,10.0,,,10.0,10.0,10.0,10.0,7.0,8.0,10.0,10.0,10.0,9.3,,10.0,10.0,10.0,10.0,10.0,8.94,17.0,5.6,9.3,8.0,6.0,6.0,6.0,8.1,7.4,5.8,4.5,7.6,6.7,8.3,5.5,7.9,7.6,7.0,1.0,6.8,9.7,9.4,9.9,10.0,9.8,9.5,8.7,4.9,7.7,6.4,8.8,7.6,10.0,6.0,,5.2,5.6,7.7,5.0,9.2,10.0,8.1,5.6,6.1,8.2,10.0,6.3,5.0,6.9,5.0,9.6,9.7,6.5,9.6,7.5,8.0,7.6,7.85,19.0
5,2017-01-01,BGR,Bulgaria,Eastern Europe,7.79,39.0,1.0,5.0,5.6,4.1,4.9,9.4,10.0,10.0,10.0,10.0,10.0,10.0,10.0,,,10.0,10.0,9.8,10.0,10.0,10.0,10.0,,,7.5,8.1,5.8,7.1,10.0,10.0,,,7.5,,,10.0,,,10.0,9.5,10.0,10.0,6.0,5.8,10.0,10.0,10.0,8.8,7.0,10.0,10.0,10.0,7.5,8.2,8.04,44.0,5.7,5.8,8.0,10.0,7.0,8.5,7.6,7.1,3.5,3.4,4.3,8.3,5.0,5.1,8.7,4.4,4.9,1.0,5.3,8.8,9.3,9.6,10.0,9.4,9.0,9.0,6.7,8.2,5.4,9.8,7.6,10.0,5.3,6.9,7.6,6.6,8.1,10.0,10.0,10.0,10.0,5.6,4.6,6.9,6.0,9.3,10.0,7.1,4.0,6.0,9.3,3.5,9.3,4.9,6.2,7.7,7.54,37.0
5,2017-01-01,URY,Uruguay,Latin America & the Caribbean,7.74,41.0,2.0,6.2,7.4,5.4,6.6,6.7,10.0,10.0,10.0,10.0,10.0,10.0,10.0,,,10.0,10.0,8.9,10.0,10.0,10.0,10.0,,,7.5,9.0,8.9,8.5,7.5,10.0,,,5.0,,,7.5,,,7.5,7.5,10.0,10.0,8.0,7.5,10.0,10.0,10.0,9.4,10.0,10.0,10.0,10.0,10.0,10.0,8.42,35.0,6.6,5.9,7.0,7.0,6.0,6.5,5.6,6.3,7.5,4.4,6.5,5.8,4.2,3.6,6.5,5.3,4.4,1.0,5.2,8.2,9.2,8.8,10.0,9.0,8.4,7.9,6.9,7.7,5.7,6.2,6.0,10.0,7.0,8.5,7.7,7.7,7.9,5.0,8.1,9.0,7.4,8.9,2.9,2.4,8.0,4.6,10.0,6.1,3.0,7.6,9.6,6.3,6.8,8.2,6.9,6.8,7.05,70.0
5,2017-01-01,SVK,Slovak Rep.,Eastern Europe,8.02,33.0,1.0,,,,6.1,9.4,10.0,10.0,7.5,10.0,10.0,9.5,10.0,,,10.0,10.0,9.6,10.0,10.0,10.0,10.0,,,7.5,8.6,7.1,7.7,10.0,10.0,,,10.0,,,10.0,,,10.0,10.0,10.0,10.0,7.3,7.8,10.0,10.0,10.0,9.3,7.0,10.0,10.0,10.0,10.0,9.0,8.54,33.0,4.1,5.0,10.0,9.0,2.0,5.5,7.9,6.5,3.0,2.1,5.4,10.0,6.7,3.8,9.7,4.2,6.3,1.0,5.7,8.4,9.7,9.7,10.0,9.5,9.0,9.0,6.7,8.2,6.0,10.0,8.0,10.0,7.9,5.4,7.7,7.0,8.3,10.0,9.7,10.0,9.9,5.6,3.6,6.6,8.0,7.8,10.0,6.9,2.4,7.6,9.1,3.0,6.0,7.8,6.0,7.6,7.51,40.0
5,2017-01-01,PAN,Panama,Latin America & the Caribbean,7.69,44.0,2.0,5.1,4.8,3.3,4.4,6.1,10.0,10.0,10.0,10.0,10.0,10.0,10.0,,,10.0,10.0,8.7,10.0,10.0,10.0,10.0,,,10.0,9.0,6.1,8.4,10.0,10.0,,,7.5,,,7.5,,,7.5,8.5,10.0,10.0,4.3,6.3,10.0,10.0,10.0,8.7,7.0,10.0,10.0,10.0,10.0,9.0,7.72,51.0,6.5,8.6,10.0,9.0,4.0,6.5,7.8,7.9,2.8,3.2,6.1,8.3,5.0,2.7,8.8,5.5,5.3,1.0,5.2,9.7,9.5,9.8,10.0,9.7,8.9,8.6,5.9,7.8,6.2,8.9,7.6,10.0,7.7,10.0,10.0,9.2,8.7,8.0,9.3,10.0,9.1,2.2,3.8,6.0,4.0,4.1,10.0,5.0,4.1,6.7,9.8,3.7,9.2,5.4,6.5,6.9,7.66,31.0
5,2017-01-01,CRI,Costa Rica,Latin America & the Caribbean,7.7,43.0,2.0,8.1,6.3,5.6,6.6,5.1,10.0,10.0,10.0,10.0,10.0,10.0,10.0,,,5.0,7.5,7.5,10.0,10.0,10.0,10.0,,,10.0,9.4,4.8,8.1,10.0,10.0,,,10.0,,,7.5,,,10.0,9.5,10.0,10.0,8.7,8.5,10.0,10.0,10.0,9.6,7.0,10.0,10.0,10.0,5.0,7.3,7.99,47.0,5.5,8.5,8.0,9.0,4.0,6.5,6.7,7.0,6.9,4.4,6.5,10.0,4.2,3.5,8.7,6.1,5.4,0.9,5.8,9.8,9.5,9.7,10.0,9.8,8.6,8.9,6.4,8.0,4.9,7.5,6.2,10.0,6.9,6.9,9.3,7.7,8.0,5.0,6.4,9.0,6.8,2.2,4.7,6.3,8.0,5.7,10.0,6.1,2.6,5.1,9.2,4.7,8.7,8.3,6.4,6.5,7.41,46.0
5,2017-01-01,HRV,Croatia,Eastern Europe,7.86,37.0,1.0,5.5,5.7,5.1,5.7,9.6,10.0,10.0,10.0,10.0,10.0,10.0,10.0,,,10.0,10.0,9.9,10.0,10.0,10.0,10.0,,,7.5,9.1,7.6,8.1,10.0,10.0,,,7.5,,,7.5,,,10.0,9.0,10.0,10.0,7.0,5.8,10.0,10.0,7.5,8.6,10.0,10.0,10.0,10.0,10.0,10.0,8.45,34.0,4.3,4.3,10.0,5.0,1.0,3.0,7.0,5.7,2.9,1.7,4.3,8.3,7.5,4.6,7.8,5.9,7.2,1.0,5.6,8.7,9.8,9.8,10.0,9.6,9.9,9.0,6.7,8.5,6.7,10.0,8.3,10.0,5.4,4.6,7.6,5.9,8.2,8.0,10.0,10.0,9.3,5.6,2.6,6.5,6.0,7.5,10.0,6.4,1.4,6.9,9.2,3.3,8.5,7.7,6.2,7.3,7.26,56.0
5,2017-01-01,PRT,Portugal,Western Europe,8.27,26.0,1.0,8.2,6.9,6.4,7.2,9.7,10.0,10.0,10.0,10.0,10.0,10.0,10.0,,,10.0,10.0,9.9,10.0,10.0,10.0,10.0,,,10.0,9.5,8.8,9.4,10.0,10.0,,,10.0,,,10.0,,,7.5,9.5,10.0,10.0,8.7,8.3,10.0,10.0,10.0,9.6,7.0,10.0,10.0,10.0,10.0,9.0,9.02,16.0,5.5,4.9,10.0,4.0,1.0,2.5,8.0,6.2,6.5,3.1,6.3,10.0,8.3,4.0,7.4,7.9,8.0,1.0,6.8,8.0,9.8,9.7,10.0,9.4,9.0,9.0,6.7,8.2,7.4,10.0,8.7,10.0,7.1,4.6,7.7,6.5,8.3,5.0,7.2,10.0,7.4,2.2,3.5,6.4,6.0,7,10.0,5.9,3.4,8.7,9.8,5.6,8.3,7.3,7.2,6.8,7.52,39.0
5,2017-01-01,SVN,Slovenia,Eastern Europe,7.97,35.0,1.0,7.7,5.9,5.8,6.5,9.6,10.0,10.0,7.5,10.0,10.0,9.5,10.0,,,10.0,10.0,9.7,10.0,10.0,10.0,10.0,,,10.0,9.2,7.8,9.0,10.0,10.0,,,10.0,,,10.0,,,10.0,10.0,10.0,10.0,8.0,8.0,10.0,10.0,10.0,9.4,7.0,10.0,10.0,10.0,10.0,9.0,8.78,23.0,4.2,5.1,8.0,4.0,0.0,2.0,6.9,5.3,4.4,3.1,5.7,9.2,7.5,4.2,8.3,7.2,7.7,1.0,6.2,8.1,9.8,9.7,10.0,9.4,9.0,9.0,6.7,8.2,6.2,10.0,8.1,10.0,5.0,3.1,7.7,5.3,7.9,5.0,10.0,10.0,8.3,2.2,2.6,5.8,8.0,8.1,10.0,6.1,2.7,7.6,9.6,4.8,6.9,7.4,6.5,7.0,7.15,67.0
5,2017-01-01,ALB,Albania,Eastern Europe,7.84,38.0,1.0,6.7,4.5,4.7,5.3,9.1,10.0,10.0,10.0,10.0,10.0,10.0,10.0,,,7.5,8.8,9.3,10.0,10.0,10.0,10.0,,,10.0,9.6,8.0,9.2,10.0,10.0,,,10.0,,,10.0,,,10.0,10.0,10.0,10.0,5.0,5.3,10.0,10.0,10.0,8.6,0.0,10.0,10.0,10.0,7.5,5.8,8.01,46.0,8.1,7.3,8.0,9.0,7.0,8.0,6.2,7.5,2.5,3.1,4.6,8.3,4.2,4.4,6.6,6.8,6.2,1.0,5.1,9.3,9.7,9.6,10.0,9.6,9.6,9.3,8.1,9.0,6.0,9.4,7.7,10.0,6.3,5.4,8.3,6.7,8.3,10.0,9.1,10.0,9.7,5.6,5.4,6.4,8.0,6.3,10.0,6.9,6.3,6.7,9.7,4.1,6.0,7.2,6.7,7.8,7.67,30.0
5,2017-01-01,CZE,Czech Rep.,Eastern Europe,8.34,21.0,1.0,7.6,7.2,7.4,7.8,9.8,10.0,10.0,10.0,10.0,10.0,10.0,10.0,,,10.0,10.0,9.9,10.0,10.0,10.0,10.0,,,7.5,8.5,7.3,7.8,10.0,7.5,,,10.0,,,10.0,,,10.0,9.5,10.0,10.0,8.7,8.0,10.0,10.0,10.0,9.5,7.0,10.0,10.0,10.0,7.5,8.2,8.92,18.0,3.3,5.2,10.0,9.0,4.0,6.5,8.3,6.7,5.9,3.3,6.1,10.0,8.3,3.3,8.2,6.4,7.5,1.0,6.4,7.8,9.8,9.5,10.0,9.3,9.0,9.0,6.7,8.2,6.8,10.0,8.4,10.0,7.9,3.1,7.7,6.3,8.2,10.0,10.0,10.0,10.0,8.9,3.9,8.0,10.0,7.8,10.0,8.1,2.8,8.0,9.2,4.4,6.9,7.4,6.5,8.2,7.75,22.0
5,2017-01-01,LVA,Latvia,Eastern Europe,8.29,23.0,1.0,,,,6.7,8.7,10.0,10.0,10.0,10.0,10.0,10.0,10.0,,,10.0,10.0,9.6,10.0,10.0,10.0,10.0,,,10.0,9.1,6.5,8.5,10.0,10.0,,,10.0,,,10.0,,,10.0,10.0,10.0,10.0,7.7,8.0,10.0,10.0,10.0,9.4,10.0,10.0,10.0,10.0,10.0,10.0,8.85,21.0,5.1,6.2,7.0,9.0,4.0,6.5,9.1,6.8,4.4,2.9,5.4,8.3,8.3,5.5,9.0,5.7,7.0,1.0,6.3,8.2,9.5,9.4,10.0,9.3,9.0,9.0,6.7,8.2,6.9,9.4,8.1,10.0,6.6,6.9,7.7,7.1,8.4,10.0,9.7,8.0,9.2,5.0,4.2,8.3,10.0,7.8,10.0,7.5,3.5,9.1,9.8,4.0,7.8,8.1,7.0,7.9,7.73,24.0
5,2017-01-01,HUN,Hungary,Eastern Europe,7.65,45.0,2.0,6.6,5.0,4.7,5.4,9.0,10.0,10.0,7.5,10.0,10.0,9.5,10.0,,,5.0,7.5,8.7,10.0,10.0,10.0,10.0,,,7.5,8.0,6.4,7.3,10.0,7.5,,,10.0,,,10.0,,,7.5,9.0,10.0,10.0,6.0,5.8,10.0,10.0,10.0,8.8,10.0,10.0,10.0,10.0,10.0,10.0,8.04,43.0,3.3,5.7,6.0,10.0,4.0,7.0,5.0,5.4,3.5,2.8,4.3,10.0,6.7,5.0,8.0,5.8,7.6,1.0,6.0,9.9,9.5,9.5,10.0,9.7,9.0,9.0,6.7,8.2,5.4,10.0,7.7,10.0,6.3,3.8,7.7,6.0,8.0,8.0,9.1,9.0,8.7,7.2,5.6,6.4,4.0,7.8,10.0,6.8,3.3,6.9,9.6,3.4,7.8,6.9,6.3,7.3,7.27,54.0
5,2017-01-01,MLT,Malta,Western Europe,8.37,20.0,1.0,,,,7.0,9.6,10.0,10.0,,9.3,10.0,9.8,10.0,,,10.0,10.0,9.8,10.0,10.0,10.0,10.0,,,10.0,9.1,6.2,8.4,10.0,10.0,,,10.0,,,10.0,,,10.0,10.0,0.0,10.0,8.3,7.8,10.0,10.0,10.0,8.0,10.0,10.0,10.0,10.0,7.5,9.2,8.77,24.0,4.3,7.0,10.0,7.0,7.0,7.0,,7.1,5.5,4.6,6.9,10.0,8.3,5.4,5.3,5.9,7.5,1.0,6.5,8.6,9.9,9.7,10.0,9.5,9.0,9.0,6.7,8.2,7.0,9.4,8.2,10.0,7.1,6.9,7.7,7.3,8.4,10.0,10.0,10.0,10.0,7.2,5.1,7.8,8.0,10,10.0,8.0,4.6,6.9,9.4,4.6,8.1,8.4,7.0,8.3,7.97,11.0
5,2017-01-01,MUS,Mauritius,SubSaharan Africa,7.52,50.0,2.0,,,,6.3,9.3,10.0,10.0,10.0,10.0,10.0,10.0,10.0,,,5.0,7.5,8.9,5.0,5.0,2.5,4.2,,,7.5,9.2,7.4,8.0,10.0,7.5,,,10.0,,,7.5,,,10.0,9.0,10.0,10.0,8.0,7.5,10.0,10.0,10.0,9.4,,0.0,0.0,0.0,2.5,1.3,6.98,78.0,6.8,8.5,7.0,10.0,8.0,9.0,9.0,8.0,6.7,5.7,6.7,9.0,,5.3,9.5,6.0,6.8,1.0,6.9,8.8,9.7,9.3,10.0,9.4,9.8,9.9,8.8,9.5,6.2,8.5,7.4,10.0,6.5,4.6,10.0,7.0,8.5,8.0,7.5,10.0,8.5,6.7,5.6,6.2,10.0,0,10.0,6.4,4.4,8.9,9.8,4.8,9.3,8.3,7.6,7.5,8.07,9.0
5,2017-01-01,GRC,Greece,Eastern Europe,7.33,57.0,2.0,6.4,5.7,5.3,5.8,9.7,10.0,10.0,5.0,10.0,9.9,9.0,10.0,,,5.0,7.5,8.7,10.0,10.0,10.0,10.0,,,10.0,7.6,4.4,7.3,10.0,10.0,,,10.0,,,10.0,,,10.0,10.0,10.0,10.0,5.7,5.5,10.0,10.0,10.0,8.7,10.0,10.0,10.0,10.0,5.0,8.3,8.07,40.0,5.2,4.0,4.0,4.0,0.0,2.0,6.8,4.4,4.5,2.2,4.8,8.3,7.5,4.1,8.0,5.5,6.6,1.0,5.7,7.6,9.5,9.8,5.0,8.0,9.0,9.0,6.7,8.2,6.5,9.4,8.0,10.0,5.0,0.8,7.7,4.5,7.7,10.0,10.0,10.0,10.0,5.6,4.2,5.7,6.0,5.5,3.0,5.0,2.2,6.7,9.6,3.9,8.9,7.8,6.5,7.2,6.59,102.0
5,2017-01-01,GEO,Georgia,Caucasus & Central Asia,7.74,41.0,1.0,5.6,5.4,5.1,5.4,9.6,10.0,10.0,5.0,10.0,9.7,8.9,10.0,,,7.5,8.8,9.1,0.0,10.0,10.0,6.7,,,7.5,8.1,5.9,7.2,10.0,7.5,,,7.5,,,7.5,,,10.0,8.5,10.0,10.0,5.7,4.8,10.0,10.0,10.0,8.6,7.0,10.0,10.0,10.0,7.5,8.2,7.53,59.0,5.4,6.9,8.0,10.0,10.0,10.0,7.6,7.6,4.3,4.1,6.2,5.3,,6.8,10.0,7.0,7.0,1.0,6.3,7.9,8.9,8.8,10.0,8.9,9.9,9.7,8.3,9.3,6.5,9.6,8.0,10.0,6.4,6.9,9.5,7.6,8.7,10.0,9.6,10.0,9.9,6.7,5.8,7.2,8.0,9.3,3.0,6.6,6.1,8.4,9.9,5.6,9.9,7.5,7.9,8.1,7.94,12.0
5,2017-01-01,ITA,Italy,Western Europe,8.04,32.0,1.0,7.5,5.6,6.4,6.5,9.7,10.0,10.0,10.0,10.0,10.0,10.0,10.0,,,10.0,10.0,9.9,10.0,10.0,10.0,10.0,,,10.0,7.8,6.3,8.0,10.0,10.0,,,10.0,,,7.5,,,10.0,9.5,10.0,10.0,6.0,7.5,10.0,10.0,10.0,9.1,7.0,10.0,10.0,10.0,10.0,9.0,8.67,31.0,4.9,3.5,10.0,4.0,1.0,2.5,9.6,6.1,5.1,2.0,5.4,10.0,6.7,3.6,8.3,6.0,5.1,1.0,5.8,8.0,9.9,9.8,10.0,9.4,9.0,9.0,6.7,8.2,6.4,10.0,8.2,10.0,5.0,6.9,7.7,6.6,8.2,10.0,8.8,10.0,9.6,5.6,3.2,4.1,8.0,10,10.0,6.8,1.9,7.3,9.7,3.8,7.2,7.3,6.2,7.5,7.41,46.0
5,2017-01-01,ISR,Israel,Middle East & North Africa,7.61,46.0,2.0,,,,6.8,9.5,10.0,10.0,5.0,9.9,9.7,8.9,10.0,,,7.5,8.8,9.0,5.0,5.0,10.0,6.7,,,7.5,6.5,3.8,5.9,10.0,10.0,,,10.0,,,10.0,,,10.0,10.0,10.0,5.4,7.3,6.5,10.0,10.0,10.0,8.5,,10.0,10.0,10.0,2.5,6.3,7.7,53.0,3.2,6.6,10.0,5.0,5.0,5.0,7.6,6.5,8.2,5.6,7.5,4.2,8.3,3.5,6.9,6.9,6.7,0.9,6.2,8.0,9.6,10.0,10.0,9.4,9.7,9.2,6.8,8.6,6.0,7.3,6.6,10.0,7.0,6.2,9.8,7.7,8.2,10.0,8.7,10.0,9.6,8.9,5.8,7.1,8.0,2.5,0.0,5.4,4.5,8.2,9.6,6.1,7.5,7.3,7.2,7.4,7.53,38.0
6,2017-01-01,TUR,Turkey,Middle East & North Africa,6.21,122.0,3.0,3.6,4.4,4.0,4.0,8.3,5.0,4.6,2.5,9.1,9.2,6.1,10.0,,,7.5,8.8,7.7,10.0,0.0,10.0,6.7,,,2.5,7.0,3.9,4.5,7.5,5.0,,,5.0,,,2.5,,,2.5,4.5,9.6,0.8,1.0,1.8,5.0,7.5,5.0,4.4,7.0,10.0,10.0,10.0,7.5,8.2,5.74,131.0,6.0,6.5,7.0,7.0,7.0,7.0,6.5,6.6,3.3,3.2,5.3,3.3,5.0,4.4,8.6,5.4,5.8,0.9,4.6,8.3,9.3,7.8,10.0,8.8,9.5,7.8,0.6,6.0,5.9,9.4,7.6,10.0,5.8,2.3,8.4,5.5,7.3,5.0,8.9,5.0,6.3,5.6,4.1,7.1,8.0,2.5,1.0,4.7,4.0,7.1,9.7,4.3,9.2,8.1,7.1,6.0,6.67,95.0
6,2017-01-01,UKR,Ukraine,Eastern Europe,6.26,118.0,3.0,4.2,5.1,3.7,4.5,7.5,5.0,7.0,0.0,9.7,9.7,6.3,10.0,,,10.0,10.0,7.9,0.0,10.0,10.0,6.7,,,2.5,7.5,7.6,5.9,7.5,7.5,,,5.0,,,2.5,,,5.0,5.5,10.0,9.8,5.7,3.8,7.5,7.5,7.5,7.4,7.0,10.0,10.0,10.0,10.0,9.0,6.56,96.0,4.9,5.5,10.0,10.0,7.0,8.5,7.0,7.2,2.6,2.9,3.8,8.3,6.7,4.8,9.1,4.5,5.2,0.7,4.4,7.8,5.0,7.1,0.0,5.0,9.5,9.1,7.9,8.8,4.9,6.5,5.7,9.4,3.8,0.0,5.9,3.2,6.8,5.0,9.4,9.0,7.8,5.6,5.2,4.7,6.0,9.3,0.0,5.1,3.9,6.0,9.8,2.9,9.5,6.3,6.4,6.4,5.96,135.0
6,2017-01-01,IDN,Indonesia,South Asia,6.83,81.0,2.0,2.1,4.5,3.5,4.1,9.8,10.0,10.0,7.5,10.0,10.0,9.5,10.0,,,0.0,5.0,8.1,10.0,5.0,7.5,7.5,,,2.5,6.2,2.8,3.9,10.0,10.0,,,5.0,,,2.5,,,7.5,7.0,10.0,10.0,4.7,5.5,7.5,10.0,5.0,7.5,10.0,5.0,5.0,5.0,7.5,7.5,6.38,105.0,7.7,9.7,10.0,8.0,7.0,7.5,6.7,8.3,5.6,5.0,6.2,4.2,4.2,3.3,6.7,5.6,5.3,0.9,4.9,9.9,9.6,9.2,10.0,9.7,9.5,8.4,5.8,7.9,5.5,3.9,4.7,10.0,5.7,1.5,8.3,5.2,6.9,5.0,9.6,10.0,8.2,1.1,5.8,6.2,10.0,0,5.0,4.7,5.2,4.7,9.3,4.8,7.5,7.7,6.5,6.5,7.27,54.0
6,2017-01-01,KAZ,Kazakhstan,Caucasus & Central Asia,6.9,73.0,2.0,3.4,5.6,4.1,4.5,8.0,10.0,10.0,5.0,10.0,10.0,9.0,10.0,,,10.0,10.0,9.0,10.0,5.0,10.0,8.3,,,2.5,8.5,5.6,5.5,5.0,5.0,,,2.5,,,2.5,,,5.0,4.0,10.0,8.9,0.7,1.5,7.5,7.5,7.5,6.2,7.0,10.0,10.0,10.0,10.0,9.0,6.69,90.0,6.7,8.6,6.0,10.0,8.0,9.0,4.8,7.0,4.5,4.2,5.2,8.3,5.8,6.3,9.9,5.2,6.9,0.7,5.3,8.8,8.2,8.5,10.0,8.9,7.0,8.7,7.3,7.7,5.8,5.8,5.8,10.0,5.1,2.3,1.7,3.0,6.6,8.0,8.8,10.0,8.9,10.0,5.1,6.1,10.0,9.3,3.0,7.2,4.4,6.0,9.8,4.0,9.3,8.0,6.9,7.7,7.1,68.0
6,2017-01-01,THA,Thailand,South Asia,6.55,103.0,3.0,3.1,5.3,4.0,4.3,8.7,5.0,9.8,5.0,9.7,9.2,7.7,10.0,,,10.0,10.0,8.8,0.0,5.0,10.0,5.0,,,10.0,7.4,4.4,7.3,2.5,0.0,,,2.5,,,7.5,,,10.0,4.5,10.0,9.7,1.0,1.8,10.0,10.0,7.5,7.1,0.0,10.0,10.0,10.0,7.5,5.8,6.25,113.0,4.4,9.2,6.0,8.0,8.0,8.0,6.3,6.8,5.1,4.4,5.3,3.3,4.2,6.3,7.5,4.6,5.2,0.8,4.7,9.8,9.7,9.9,5.0,8.6,9.7,8.1,4.4,7.4,5.7,8.0,6.9,10.0,6.5,1.5,6.1,4.7,7.2,8.0,9.9,10.0,9.3,5.6,5.6,5.7,10.0,1.4,0.0,4.7,4.3,7.3,9.8,4.0,9.0,7.4,7.0,7.0,6.86,81.0
6,2017-01-01,BLR,Belarus,Eastern Europe,6.65,92.0,3.0,3.9,5.9,5.0,5.1,8.6,10.0,10.0,5.0,10.0,10.0,9.0,10.0,,,10.0,10.0,9.2,10.0,5.0,10.0,8.3,,,2.5,8.5,4.5,5.2,2.5,2.5,,,2.5,,,2.5,,,2.5,2.5,10.0,10.0,0.7,2.5,7.5,5.0,5.0,5.8,7.0,10.0,10.0,10.0,10.0,9.0,6.66,91.0,5.6,5.5,10.0,10.0,5.0,7.5,2.0,6.1,,4.1,,5.0,5.8,7.0,9.9,,,0.7,5.3,8.4,7.6,8.8,5.0,7.4,8.3,8.6,6.7,7.9,6.2,9.7,7.9,10.0,,0.8,1.8,1.3,6.8,2.0,10.0,10.0,7.3,10.0,,,10.0,7.8,1.0,7.2,,6.0,9.7,,8.3,7.9,8.0,7.5,6.64,99.0
6,2017-01-01,VNM,Vietnam,South Asia,6.29,117.0,3.0,5.4,4.4,4.9,4.9,9.4,10.0,10.0,10.0,10.0,10.0,10.0,10.0,,,7.5,8.8,9.4,0.0,5.0,10.0,5.0,,,2.5,8.6,6.6,5.9,2.5,2.5,,,0.0,,,0.0,,,2.5,1.5,10.0,9.0,0.0,1.8,7.5,7.5,5.0,5.8,10.0,10.0,10.0,10.0,7.5,9.2,6.31,109.0,9.2,,6.0,7.0,5.0,6.0,5.6,6.7,4.2,4.0,4.9,5.0,6.7,5.7,8.8,5.5,6.1,0.8,5.0,8.3,9.2,9.3,0.0,6.7,9.1,8.1,5.5,7.6,4.8,5.7,5.3,10.0,5.2,0.8,0.8,2.2,6.3,,7.9,10.0,9.0,7.8,5.1,6.2,10.0,2.5,0.0,5.3,3.7,6.4,9.4,3.7,8.2,4.4,6.0,6.7,6.27,119.0
6,2017-01-01,ARM,Armenia,Caucasus & Central Asia,7.42,54.0,2.0,,,,4.9,9.0,10.0,10.0,7.5,10.0,10.0,9.5,10.0,,,7.5,8.8,9.1,10.0,5.0,10.0,8.3,,,5.0,8.6,5.1,6.2,7.5,7.5,,,5.0,,,5.0,,,7.5,6.5,10.0,10.0,3.3,4.3,7.5,7.5,7.5,7.2,7.0,10.0,10.0,10.0,7.5,8.2,7.15,72.0,7.2,7.3,8.0,5.0,5.0,5.0,9.5,7.4,4.0,4.2,5.8,5.8,5.0,5.2,9.8,5.8,7.0,1.0,5.9,8.6,9.5,9.8,10.0,9.5,9.0,8.8,8.1,8.6,5.7,9.0,7.4,10.0,5.1,5.4,10.0,6.8,8.2,10.0,7.8,10.0,9.3,6.7,5.7,6.8,10.0,9.3,0.0,6.4,4.6,6.2,9.9,4.6,9.3,7.1,6.9,7.5,7.7,27.0
6,2017-01-01,AZE,Azerbaijan,Caucasus & Central Asia,6.22,121.0,3.0,,,,4.3,9.2,10.0,8.8,7.5,9.8,10.0,9.2,10.0,,,10.0,10.0,9.5,10.0,5.0,10.0,8.3,,,2.5,8.4,5.5,5.5,2.5,5.0,,,2.5,,,2.5,,,2.5,3.0,10.0,0.0,0.3,0.3,10.0,0.0,7.5,4.0,0.0,10.0,10.0,10.0,7.5,5.8,6.1,119.0,6.9,7.9,0.0,9.0,4.0,6.5,2.9,4.8,5.7,5.9,6.3,5.0,5.8,7.3,9.9,6.2,7.3,0.7,5.5,9.2,5.8,7.4,5.0,6.8,9.0,8.2,6.7,8.0,6.0,8.2,7.1,10.0,6.2,4.6,1.4,4.1,7.3,5.0,10.0,9.0,8.0,8.3,6.1,7.2,6.0,8.5,1.0,6.2,6.1,6.2,9.9,5.4,9.0,8.2,7.5,7.2,6.34,116.0
6,2017-01-01,LAO,Laos,South Asia,6.2,123.0,4.0,,,,3.8,7.2,10.0,10.0,7.5,10.0,10.0,9.5,10.0,,,7.5,8.8,8.5,5.0,0.0,10.0,5.0,,,7.5,8.2,4.5,6.7,0.0,0.0,,,0.0,,,0.0,,,2.5,0.5,10.0,10.0,1.3,1.5,7.5,2.5,7.5,5.8,,10.0,10.0,10.0,7.5,8.8,5.74,132.0,6.9,9.9,4.0,9.0,9.0,9.0,1.6,6.3,4.7,4.5,4.8,7.5,,3.1,8.5,5.3,6.4,1.0,5.6,6.1,8.6,9.8,5.0,7.4,9.0,8.3,7.3,8.2,5.4,7.4,6.4,10.0,5.1,1.5,10.0,5.5,7.5,,8.3,10.0,9.1,5.6,4.6,6.7,10.0,1,1.0,4.8,4.7,2.4,6.6,4.8,9.4,5.9,5.7,6.5,6.67,95.0
6,2017-01-01,RWA,Rwanda,SubSaharan Africa,6.82,82.0,3.0,,,,5.4,9.0,5.0,10.0,5.0,9.9,9.9,8.0,10.0,,,7.5,8.8,8.6,10.0,5.0,10.0,8.3,,,2.5,8.7,6.9,6.0,2.5,2.5,,,0.0,,,2.5,,,2.5,2.0,10.0,10.0,2.3,1.5,7.5,5.0,7.5,6.3,,10.0,10.0,10.0,2.5,6.3,6.38,107.0,6.9,9.3,0.0,8.0,5.0,6.5,3.6,5.2,6.7,6.2,6.5,6.4,,3.7,9.8,7.7,8.3,1.0,6.9,9.3,9.1,8.3,10.0,9.2,8.6,7.5,5.2,7.1,5.1,5.7,5.4,10.0,6.6,9.2,1.9,5.9,7.1,5.0,7.5,9.0,7.2,10.0,5.4,6.5,10.0,7.8,10.0,8.3,6.2,7.3,9.7,7.3,9.1,8.9,8.1,7.8,7.26,56.0
6,2017-01-01,RUS,Russia,Eastern Europe,6.34,114.0,3.0,2.9,5.3,3.3,4.0,6.3,0.0,9.9,5.0,9.9,9.8,6.9,10.0,,,10.0,10.0,7.7,0.0,5.0,10.0,5.0,,,5.0,6.0,2.8,4.6,5.0,5.0,,,2.5,,,5.0,,,7.5,5.0,9.5,9.7,1.7,1.5,5.0,7.5,7.5,6.1,7.0,10.0,10.0,10.0,10.0,9.0,5.9,127.0,4.3,5.8,10.0,10.0,5.0,7.5,4.1,6.3,4.0,3.9,4.4,6.7,5.0,6.9,9.7,4.9,5.9,0.7,4.8,8.6,9.3,9.3,10.0,9.3,6.0,8.7,6.8,7.1,4.8,7.2,6.0,10.0,4.2,4.6,3.8,4.2,6.8,5.0,9.7,10.0,8.2,4.5,5.1,6.1,6.0,8.5,3.0,5.5,3.9,2.9,9.7,4.0,7.8,8.1,6.1,6.6,6.78,85.0
6,2017-01-01,MNG,Mongolia,East Asia,7.61,46.0,2.0,4.8,5.3,5.0,5.3,7.5,10.0,10.0,10.0,10.0,10.0,10.0,10.0,,,10.0,10.0,9.2,10.0,5.0,10.0,8.3,,,10.0,9.0,6.7,8.6,10.0,10.0,,,10.0,,,2.5,,,10.0,8.5,10.0,10.0,5.7,7.0,10.0,10.0,5.0,8.2,7.0,10.0,10.0,10.0,7.5,8.2,7.79,49.0,5.8,7.6,10.0,10.0,8.0,9.0,6.9,7.9,3.1,3.6,4.4,8.3,6.7,6.3,9.1,5.3,6.7,1.0,5.8,8.7,8.5,9.2,10.0,9.1,8.8,9.0,9.1,8.9,5.0,2.6,3.8,10.0,4.6,5.4,2.5,4.2,6.7,,8.9,10.0,9.4,10.0,4.5,8.1,6.0,9.3,3.0,6.8,3.5,6.7,9.6,2.9,8.7,8.5,6.7,7.6,7.43,45.0
6,2017-01-01,MOZ,Mozambique,SubSaharan Africa,6.24,120.0,3.0,,,,3.6,8.6,10.0,10.0,5.0,9.8,9.9,8.9,10.0,,,7.5,8.8,8.8,10.0,10.0,10.0,10.0,,,5.0,9.3,9.4,7.9,5.0,2.5,,,0.0,,,2.5,,,2.5,2.5,10.0,10.0,6.0,4.8,7.5,7.5,7.5,7.6,10.0,10.0,10.0,10.0,10.0,10.0,6.89,84.0,3.8,9.5,2.0,7.0,5.0,6.0,5.8,5.4,2.9,2.8,4.3,6.7,5.0,1.8,7.5,3.0,4.0,1.0,4.1,7.7,8.1,7.0,5.0,6.9,9.1,8.0,7.1,8.1,4.4,7.4,5.9,10.0,5.6,0.0,0.9,2.2,6.5,10.0,0.0,9.0,6.3,3.3,3.8,5.3,6.0,0,0.0,3.1,3.5,2.4,8.2,2.7,9.0,7.8,5.6,5.0,5.6,149.0
6,2017-01-01,MDA,Moldova,Eastern Europe,6.93,71.0,2.0,5.1,4.7,3.6,4.5,8.7,10.0,10.0,5.0,10.0,10.0,9.0,10.0,,,10.0,10.0,9.2,10.0,5.0,10.0,8.3,,,5.0,7.7,5.5,6.0,7.5,7.5,,,5.0,,,5.0,,,5.0,6.0,10.0,10.0,4.3,4.8,7.5,7.5,7.5,7.4,10.0,10.0,10.0,10.0,10.0,10.0,7.2,68.0,7.3,6.8,6.0,10.0,4.0,7.0,4.8,6.4,2.0,2.5,4.1,6.7,6.7,4.3,9.5,4.2,6.2,0.7,4.3,9.7,9.2,8.7,5.0,8.1,9.4,8.9,7.8,8.7,5.5,8.8,7.1,10.0,4.8,0.8,6.5,4.0,7.5,10.0,8.6,10.0,9.5,4.4,4.1,6.0,6.0,6.8,3.0,5.1,3.3,7.1,9.8,2.6,6.4,8.0,6.2,6.9,6.66,97.0
6,2017-01-01,NPL,Nepal,South Asia,6.51,107.0,3.0,3.4,4.7,4.3,4.3,9.1,10.0,10.0,7.5,10.0,9.4,9.4,10.0,,,7.5,8.8,9.1,10.0,5.0,10.0,8.3,,,2.5,7.6,5.5,5.2,7.5,7.5,,,5.0,,,2.5,,,2.5,5.0,10.0,10.0,4.7,4.8,5.0,7.5,5.0,6.7,10.0,10.0,10.0,10.0,0.0,6.7,6.53,98.0,8.0,9.2,7.0,7.0,7.0,7.0,4.9,7.2,4.5,3.6,5.2,4.5,,3.4,8.3,5.3,5.3,0.8,4.5,8.7,9.3,9.3,0.0,6.8,5.0,7.6,5.5,6.0,5.5,6.2,5.9,10.0,3.9,0.0,10.0,4.6,6.6,8.0,10.0,10.0,9.3,6.7,3.6,5.5,10.0,2.6,10.0,6.4,3.7,5.1,9.2,2.9,9.0,6.0,6.0,7.2,6.49,110.0
6,2017-01-01,CHN,China,East Asia,6.17,126.0,4.0,4.0,5.4,4.8,4.7,9.8,5.0,10.0,5.0,10.0,10.0,8.0,10.0,,,10.0,10.0,9.3,5.0,0.0,10.0,5.0,,,0.0,7.5,3.5,3.7,2.5,2.5,,,0.0,,,0.0,,,2.5,1.5,10.0,9.7,0.0,1.5,7.5,2.5,5.0,5.2,7.0,10.0,10.0,10.0,10.0,9.0,5.92,124.0,3.8,8.3,2.0,6.0,6.0,6.0,3.2,4.7,5.8,5.2,6.0,5.0,5.8,5.7,8.3,6.0,6.3,0.9,5.6,10.0,9.3,9.7,5.0,8.5,9.4,8.0,6.9,8.1,5.8,8.2,7.0,10.0,5.9,0.0,0.6,2.1,6.8,2.0,9.4,10.0,7.1,8.9,5.8,6.0,10.0,2.5,0.0,5.5,5.6,3.8,9.7,5.8,8.4,8.4,7.0,6.5,6.42,113.0
7,2017-01-01,USA,United States,North America,8.46,15.0,1.0,7.6,6.7,6.5,6.9,7.9,10.0,9.9,7.5,9.9,9.4,9.3,10.0,,,10.0,10.0,9.1,10.0,10.0,10.0,10.0,,,10.0,7.9,8.7,8.9,10.0,10.0,,,10.0,,,10.0,,,10.0,10.0,10.0,10.0,8.0,7.0,10.0,10.0,10.0,9.3,7.0,10.0,10.0,10.0,10.0,9.0,8.72,26.0,6.8,6.0,8.0,5.0,5.0,5.0,10.0,7.2,7.7,7.6,7.9,6.7,8.3,5.2,9.0,8.2,6.3,1.0,7.4,9.7,9.9,9.6,10.0,9.8,9.5,9.3,6.5,8.4,7.0,9.8,8.4,10.0,7.2,3.8,0.6,3.9,7.7,10.0,8.0,10.0,9.3,9.5,7.6,7.9,10.0,10,10.0,9.2,6.4,8.2,9.8,6.5,9.6,8.0,8.1,8.9,8.19,5.0
7,2017-01-01,JPN,Japan,East Asia,8.28,25.0,1.0,7.7,7.9,7.4,7.6,9.9,10.0,10.0,10.0,10.0,10.0,10.0,10.0,,,10.0,10.0,10.0,10.0,10.0,10.0,10.0,,,5.0,9.3,10.0,8.1,10.0,10.0,,,7.5,,,5.0,,,5.0,7.5,10.0,10.0,8.3,6.0,10.0,10.0,10.0,9.2,7.0,10.0,10.0,10.0,7.5,8.2,8.7,28.0,4.1,4.2,8.0,3.0,3.0,3.0,9.4,5.7,8.4,6.5,8.4,8.3,8.3,6.3,7.8,8.6,7.4,1.0,7.6,8.6,9.5,9.9,10.0,9.5,9.6,9.2,4.1,7.7,6.1,8.9,7.5,10.0,7.2,8.5,7.1,7.6,8.2,8.0,8.1,10.0,8.7,8.9,3.9,8.0,8.0,10,10.0,8.1,4.6,9.3,9.6,7.4,8.1,8.5,7.9,8.3,7.86,17.0
7,2017-01-01,DNK,Denmark,Western Europe,8.56,6.0,1.0,9.3,8.6,8.2,8.7,9.5,10.0,10.0,10.0,10.0,10.0,10.0,10.0,,,10.0,10.0,9.8,10.0,10.0,10.0,10.0,,,10.0,7.7,5.4,7.7,10.0,10.0,,,10.0,,,7.5,,,10.0,9.5,4.2,10.0,9.3,8.5,10.0,10.0,10.0,8.9,10.0,10.0,10.0,10.0,10.0,10.0,9.24,9.0,1.6,4.5,8.0,3.0,2.0,2.5,7.0,4.7,8.6,6.1,8.2,10.0,10.0,5.4,9.7,7.8,6.9,1.0,8.1,9.8,9.7,9.8,10.0,9.8,9.0,9.0,6.7,8.2,6.6,10.0,8.3,10.0,7.5,6.9,7.7,7.4,8.5,10.0,10.0,10.0,10.0,10.0,6.9,5.7,8.0,10,3.0,7.3,4.3,6.9,9.8,7.7,9.9,8.5,7.9,8.4,7.89,13.0
7,2017-01-01,NLD,Netherlands,Western Europe,8.5,11.0,1.0,8.9,8.7,8.0,8.5,9.7,10.0,10.0,10.0,10.0,10.0,10.0,10.0,,,10.0,10.0,9.9,10.0,10.0,10.0,10.0,,,10.0,8.4,8.2,8.9,10.0,10.0,,,10.0,,,10.0,,,10.0,10.0,10.0,10.0,9.3,8.8,10.0,10.0,10.0,9.7,7.0,10.0,10.0,10.0,7.5,8.2,9.28,2.0,1.3,3.8,8.0,2.0,2.0,2.0,6.6,4.3,9.0,7.2,8.6,10.0,10.0,5.1,7.9,8.4,6.8,1.0,8.1,8.2,9.8,9.7,10.0,9.4,9.0,9.0,6.7,8.2,7.1,10.0,8.5,10.0,7.4,8.5,7.7,7.9,8.7,5.0,10.0,10.0,8.3,6.7,5.7,5.2,10.0,7.5,10.0,7.5,5.6,9.6,9.8,8.1,8.3,8.7,8.3,8.1,7.72,25.0
7,2017-01-01,NZL,New Zealand,Oceania,8.88,1.0,1.0,8.4,7.9,7.4,7.9,9.7,10.0,10.0,10.0,10.0,10.0,10.0,10.0,,,10.0,10.0,9.9,10.0,10.0,10.0,10.0,,,10.0,9.3,9.9,9.7,10.0,10.0,,,10.0,,,10.0,,,10.0,10.0,10.0,10.0,8.7,8.0,10.0,10.0,10.0,9.5,7.0,10.0,10.0,10.0,10.0,9.0,9.27,3.0,5.1,6.4,8.0,7.0,7.0,7.0,6.8,6.6,9.2,7.3,8.6,10.0,9.2,7.2,9.9,8.9,7.2,1.0,8.6,9.0,9.4,9.6,10.0,9.5,8.8,9.6,9.0,9.1,7.5,8.7,8.1,10.0,6.9,6.9,7.7,7.2,8.6,10.0,10.0,10.0,10.0,8.9,5.9,7.8,10.0,10,10.0,8.8,5.6,9.8,10.0,8.6,9.4,8.4,8.6,9.1,8.5,3.0
7,2017-01-01,AUS,Australia,Oceania,8.62,5.0,1.0,8.4,7.5,7.4,7.8,9.7,10.0,10.0,10.0,9.9,9.8,10.0,10.0,,,10.0,10.0,9.9,10.0,10.0,10.0,10.0,,,10.0,8.3,8.9,9.1,10.0,10.0,,,10.0,,,10.0,,,10.0,10.0,10.0,10.0,8.0,7.8,10.0,10.0,10.0,9.4,7.0,10.0,10.0,10.0,10.0,9.0,9.16,12.0,4.5,6.8,10.0,6.0,5.0,5.5,7.9,7.0,8.7,5.7,8.2,10.0,9.2,6.0,8.2,8.6,6.8,1.0,7.9,9.0,9.3,9.6,10.0,9.5,8.7,9.5,8.3,8.8,6.7,8.4,7.5,10.0,6.9,4.6,0.1,3.9,7.6,10.0,8.9,10.0,9.6,8.9,3.8,5.7,10.0,7.9,10.0,7.7,3.8,9.6,9.9,7.2,8.9,8.8,8.0,8.5,8.07,9.0
7,2017-01-01,AUT,Austria,Western Europe,8.48,13.0,1.0,9.0,7.9,7.7,8.2,9.7,10.0,10.0,10.0,9.9,10.0,10.0,10.0,,,10.0,10.0,9.9,10.0,10.0,10.0,10.0,,,10.0,8.1,5.6,7.9,10.0,10.0,,,10.0,,,10.0,,,10.0,10.0,10.0,10.0,7.3,8.0,10.0,10.0,10.0,9.3,10.0,10.0,10.0,10.0,10.0,10.0,9.25,8.0,3.8,3.4,10.0,4.0,3.0,3.5,7.6,5.7,7.7,5.6,8.2,10.0,10.0,6.2,8.1,8.5,7.2,1.0,7.9,8.2,9.9,9.6,10.0,9.4,9.0,9.0,6.7,8.2,6.5,10.0,8.2,10.0,6.9,3.1,7.7,5.9,8.1,8.0,9.7,10.0,9.2,8.9,3.6,2.2,6.0,10,3.0,5.6,4.2,9.3,9.2,6.4,7.3,8.5,7.5,7.5,7.71,26.0
7,2017-01-01,NOR,Norway,Western Europe,8.44,17.0,1.0,8.9,8.5,8.3,8.6,9.8,10.0,10.0,10.0,10.0,10.0,10.0,10.0,,,10.0,10.0,9.9,10.0,10.0,10.0,10.0,,,7.5,8.6,6.1,7.4,10.0,10.0,,,10.0,,,10.0,,,10.0,10.0,10.0,10.0,9.3,9.3,10.0,10.0,10.0,9.8,10.0,10.0,10.0,10.0,7.5,9.2,9.26,6.0,1.5,4.6,7.0,6.0,3.0,4.5,7.0,4.9,8.8,6.5,8.3,10.0,10.0,6.8,9.1,8.6,8.2,1.0,8.5,9.6,9.0,9.6,10.0,9.6,9.9,8.8,0.0,6.2,5.6,9.9,7.7,10.0,6.7,4.6,7.7,6.3,7.6,10.0,10.0,8.0,9.3,7.2,4.3,4.7,6.0,10,0.0,5.4,4.9,7.8,9.8,7.7,9.1,9.1,8.1,7.6,7.62,32.0
7,2017-01-01,GBR,United Kingdom,Western Europe,8.47,14.0,1.0,8.2,7.5,7.4,7.7,9.5,10.0,10.0,10.0,9.8,9.1,9.8,10.0,,,7.5,8.8,9.3,10.0,10.0,10.0,10.0,,,10.0,7.6,5.2,7.6,10.0,10.0,,,10.0,,,10.0,,,10.0,10.0,10.0,10.0,7.0,7.8,10.0,10.0,10.0,9.3,7.0,10.0,10.0,10.0,10.0,9.0,8.85,20.0,5.3,5.5,8.0,6.0,2.0,4.0,8.2,6.2,8.6,7.0,8.7,10.0,8.3,4.4,8.0,8.3,6.7,1.0,7.8,9.5,9.7,9.5,10.0,9.7,9.0,9.0,6.7,8.2,7.0,9.3,8.1,10.0,8.3,4.6,9.1,7.3,8.4,8.0,8.6,10.0,8.9,8.9,6.9,8.0,8.0,8.5,10.0,8.4,5.0,6.4,9.9,7.2,9.5,8.8,7.8,8.4,8.09,7.0
7,2017-01-01,LUX,Luxembourg,Western Europe,8.56,6.0,1.0,,,,8.0,9.9,10.0,10.0,,10.0,10.0,10.0,10.0,,,10.0,10.0,10.0,10.0,10.0,10.0,10.0,,,10.0,9.6,7.9,9.1,10.0,10.0,,,10.0,,,10.0,,,10.0,10.0,10.0,10.0,9.0,8.8,10.0,10.0,10.0,9.7,7.0,10.0,10.0,10.0,10.0,9.0,9.26,5.0,1.4,4.3,7.0,6.0,6.0,6.0,8.5,5.4,8.7,7.3,8.8,10.0,10.0,7.5,6.2,8.6,8.1,1.0,8.3,8.4,9.4,9.7,10.0,9.4,9.0,9.0,6.7,8.2,6.8,10.0,8.4,10.0,8.3,3.8,7.7,6.6,8.3,8.0,10.0,10.0,9.3,2.2,4.7,6.8,6.0,8.5,10.0,6.4,5.6,7.1,9.4,7.8,8.4,9.4,7.9,7.9,7.86,17.0
7,2017-01-01,EST,Estonia,Eastern Europe,8.46,15.0,1.0,8.8,7.8,6.8,7.8,9.1,10.0,10.0,10.0,10.0,10.0,10.0,10.0,,,10.0,10.0,9.7,10.0,10.0,10.0,10.0,,,7.5,9.1,8.4,8.3,10.0,7.5,,,10.0,,,10.0,,,10.0,9.5,10.0,10.0,8.3,9.0,10.0,10.0,10.0,9.6,7.0,10.0,10.0,10.0,10.0,9.0,9.02,15.0,3.4,6.1,7.0,10.0,4.0,7.0,7.5,6.2,7.6,5.4,7.3,8.3,6.7,5.7,9.5,8.3,7.7,1.0,7.4,8.3,9.5,9.3,10.0,9.3,9.0,9.0,6.7,8.2,7.0,9.9,8.5,10.0,7.8,5.4,7.7,7.0,8.4,10.0,9.9,10.0,10.0,6.7,5.9,8.6,4.0,9.3,3.0,6.2,5.1,10.0,9.8,6.9,9.2,9.4,8.4,8.2,7.89,13.0
7,2017-01-01,BEL,Belgium,Western Europe,8.29,23.0,1.0,8.7,7.3,7.2,7.8,9.3,10.0,10.0,10.0,9.9,10.0,10.0,10.0,,,10.0,10.0,9.8,10.0,10.0,10.0,10.0,,,10.0,8.3,6.1,8.1,10.0,10.0,,,10.0,,,10.0,,,10.0,10.0,10.0,10.0,9.0,9.3,10.0,10.0,10.0,9.8,7.0,10.0,10.0,10.0,10.0,9.0,9.07,14.0,2.5,2.1,10.0,2.0,0.0,1.0,8.7,4.9,7.8,5.4,7.9,10.0,8.3,5.6,4.8,7.6,6.3,1.0,7.1,8.5,9.8,9.6,10.0,9.5,9.0,9.0,6.7,8.2,5.9,10.0,7.9,10.0,7.9,3.8,7.7,6.5,8.2,8.0,9.6,10.0,9.2,8.9,3.7,5.6,6.0,10,10.0,7.4,3.5,8.7,9.8,6.5,7.5,8.5,7.4,8.0,7.51,40.0
7,2017-01-01,ISL,Iceland,Western Europe,8.41,18.0,1.0,,,,7.8,9.6,10.0,10.0,10.0,10.0,10.0,10.0,10.0,,,10.0,10.0,9.9,10.0,10.0,10.0,10.0,,,10.0,9.6,4.8,8.1,10.0,10.0,,,10.0,,,10.0,,,10.0,10.0,10.0,10.0,8.7,8.8,10.0,10.0,10.0,9.6,7.0,10.0,10.0,10.0,10.0,9.0,9.08,13.0,2.5,8.0,8.0,4.0,3.0,3.5,7.1,5.8,7.8,6.8,8.1,10.0,10.0,6.8,8.8,9.0,8.2,1.0,8.4,9.3,9.2,9.6,10.0,9.5,9.9,9.2,2.0,7.0,5.3,8.8,7.0,10.0,4.4,3.1,7.7,5.1,7.3,2.0,10.0,10.0,7.3,5.6,7.3,4.9,8.0,10,10.0,7.6,5.2,8.2,9.6,7.5,9.5,8.4,8.1,7.7,7.74,23.0
7,2017-01-01,KOR,"Korea, South",East Asia,8.2,27.0,1.0,7.9,7.4,7.0,7.4,9.8,10.0,10.0,7.5,10.0,10.0,9.5,10.0,,,10.0,10.0,9.8,10.0,5.0,10.0,8.3,,,10.0,9.1,8.9,9.4,10.0,10.0,,,7.5,,,10.0,,,10.0,9.5,10.0,10.0,6.3,6.5,10.0,10.0,10.0,9.0,7.0,10.0,10.0,10.0,10.0,9.0,8.81,22.0,4.7,7.1,10.0,7.0,5.0,6.0,7.4,7.0,4.8,4.5,6.7,6.7,8.3,7.5,8.2,7.3,6.3,0.9,6.5,9.1,9.7,9.6,10.0,9.6,9.6,7.3,0.0,5.6,5.5,9.6,7.6,10.0,5.5,6.2,10.0,7.2,7.6,8.0,10.0,10.0,9.3,5.6,4.3,6.6,10.0,2.5,0.0,4.8,3.7,9.8,9.7,4.6,10.0,7.9,7.6,7.3,7.59,33.0
7,2017-01-01,CHE,Switzerland,Western Europe,8.82,2.0,1.0,,,,8.3,9.8,10.0,10.0,10.0,10.0,10.0,10.0,10.0,,,10.0,10.0,9.9,10.0,10.0,10.0,10.0,,,10.0,7.7,6.9,8.2,10.0,10.0,,,10.0,,,10.0,,,10.0,10.0,10.0,10.0,8.7,9.0,10.0,10.0,10.0,9.7,7.0,10.0,10.0,10.0,10.0,9.0,9.24,10.0,6.4,6.0,10.0,8.0,6.0,7.0,8.6,7.6,9.1,7.7,9.2,10.0,8.3,4.5,9.6,9.2,7.9,1.0,8.4,9.9,9.9,9.9,10.0,9.9,9.9,8.7,0.0,6.2,6.2,9.9,8.1,10.0,7.8,3.1,7.7,6.2,7.6,8.0,10.0,10.0,9.3,10.0,7.8,8.4,6.0,10,5.0,7.9,6.2,8.0,9.6,8.0,8.4,9.3,8.3,8.5,8.4,4.0
7,2017-01-01,SWE,Sweden,Western Europe,8.5,11.0,1.0,9.5,8.1,8.0,8.5,9.6,10.0,10.0,10.0,9.8,9.4,9.8,10.0,,,10.0,10.0,9.8,10.0,10.0,10.0,10.0,,,10.0,8.4,8.3,8.9,10.0,10.0,,,10.0,,,10.0,,,10.0,10.0,10.0,10.0,9.3,8.8,10.0,10.0,10.0,9.7,10.0,10.0,10.0,10.0,10.0,10.0,9.45,1.0,0.8,4.8,8.0,2.0,0.0,1.0,8.1,4.5,8.2,6.7,8.1,9.2,10.0,5.0,8.5,7.2,7.0,1.0,7.7,7.7,9.8,9.6,10.0,9.3,9.0,9.0,6.7,8.2,6.8,9.9,8.4,10.0,7.6,3.1,7.7,6.1,8.2,10.0,10.0,8.0,9.3,6.7,4.4,4.5,6.0,10,10.0,6.9,5.3,6.7,9.7,7.8,9.0,8.6,7.9,8.0,7.56,35.0
7,2017-01-01,HKG,Hong Kong,East Asia,8.81,3.0,1.0,6.5,7.7,7.2,7.1,9.9,,10.0,,10.0,10.0,10.0,10.0,,,10.0,10.0,10.0,,,10.0,10.0,,,7.5,9.5,8.8,8.6,7.5,7.5,,,7.5,,,7.5,,,10.0,8.0,10.0,10.0,5.7,5.0,10.0,10.0,10.0,8.7,7.0,10.0,10.0,10.0,10.0,9.0,8.7,27.0,8.0,9.4,7.0,10.0,10.0,10.0,6.6,8.2,8.6,7.6,8.6,8.3,8.3,6.1,6.9,8.9,8.0,1.0,7.9,9.1,9.7,9.7,10.0,9.6,10.0,10.0,10.0,10.0,8.1,9.7,8.9,10.0,8.5,6.9,10.0,8.5,9.3,10.0,10.0,10.0,10.0,10.0,8.0,8.7,10.0,9.5,10.0,9.4,7.1,9.6,9.9,7.7,9.7,9.6,8.9,9.4,8.91,1.0
7,2017-01-01,CYP,Cyprus,Eastern Europe,7.93,36.0,1.0,,,,6.6,9.8,10.0,10.0,7.5,10.0,10.0,9.5,10.0,,,10.0,10.0,9.8,10.0,10.0,2.5,7.5,,,7.5,8.6,5.4,7.2,10.0,10.0,,,7.5,,,7.5,,,7.5,8.5,10.0,10.0,8.7,7.5,10.0,10.0,10.0,9.5,10.0,10.0,10.0,10.0,5.0,8.3,8.18,39.0,6.4,5.9,8.0,7.0,7.0,7.0,7.3,6.9,6.2,4.5,6.2,8.3,8.3,4.0,6.4,6.3,6.9,0.9,6.1,8.0,9.5,9.9,10.0,9.4,9.0,9.0,6.7,8.2,6.4,9.3,7.9,10.0,6.3,6.9,7.7,7.0,8.3,10.0,10.0,10.0,10.0,5.6,4.8,6.1,10.0,10,1.0,6.2,4.7,8.9,9.7,4.7,5.0,8.6,6.9,7.7,7.68,28.0
7,2017-01-01,FIN,Finland,Western Europe,8.53,8.0,1.0,9.5,8.0,8.5,8.6,9.5,10.0,10.0,10.0,9.9,9.6,9.9,10.0,,,10.0,10.0,9.8,10.0,10.0,10.0,10.0,,,10.0,8.7,5.0,7.9,10.0,10.0,,,10.0,,,10.0,,,10.0,10.0,10.0,10.0,8.7,9.0,10.0,10.0,10.0,9.7,7.0,10.0,10.0,10.0,10.0,9.0,9.27,4.0,3.0,3.6,8.0,3.0,2.0,2.5,6.4,4.7,9.6,8.0,9.3,10.0,10.0,5.8,7.8,9.7,8.9,1.0,8.8,8.1,9.7,9.8,10.0,9.4,9.0,9.0,6.7,8.2,7.9,9.1,8.5,10.0,7.7,3.1,7.7,6.2,8.2,10.0,9.7,10.0,9.9,3.9,4.2,2.2,8.0,10,3.0,5.2,6.1,8.2,9.4,8.6,9.9,9.0,8.5,7.9,7.8,21.0
7,2017-01-01,CAN,Canada,North America,8.65,4.0,1.0,8.6,7.2,7.4,7.7,9.3,10.0,10.0,10.0,9.9,9.9,10.0,10.0,,,10.0,10.0,9.7,10.0,10.0,10.0,10.0,,,10.0,8.4,8.6,9.0,10.0,10.0,,,10.0,,,10.0,,,10.0,10.0,10.0,10.0,8.3,8.3,10.0,10.0,10.0,9.5,10.0,10.0,10.0,10.0,10.0,10.0,9.22,11.0,4.0,7.1,8.0,5.0,5.0,5.0,8.3,6.5,8.7,6.1,8.4,10.0,9.2,3.6,9.0,8.8,6.9,1.0,7.8,9.0,9.5,9.7,10.0,9.6,9.7,9.2,2.1,7.0,5.9,9.9,7.9,10.0,7.0,7.7,5.5,6.7,7.9,10.0,9.9,10.0,10.0,8.9,6.2,7.4,8.0,8.3,10.0,8.1,4.6,9.8,9.9,6.8,6.9,8.5,7.7,8.6,8.08,8.0
7,2017-01-01,DEU,Germany,Western Europe,8.53,8.0,1.0,8.6,8.5,7.7,8.3,9.6,10.0,10.0,10.0,10.0,10.0,10.0,10.0,,,10.0,10.0,9.9,10.0,10.0,10.0,10.0,,,10.0,7.3,5.8,7.7,10.0,10.0,,,10.0,,,10.0,,,10.0,10.0,10.0,10.0,8.0,7.5,10.0,10.0,10.0,9.4,10.0,10.0,10.0,10.0,10.0,10.0,9.25,7.0,3.9,3.1,10.0,5.0,5.0,5.0,8.9,6.2,7.4,7.0,7.6,10.0,8.3,5.8,6.8,7.2,6.6,1.0,7.4,8.3,9.9,9.7,10.0,9.5,9.0,9.0,6.7,8.2,6.8,9.2,8.0,10.0,6.9,3.1,7.7,5.9,8.0,5.0,10.0,10.0,8.3,8.9,6.2,5.8,8.0,6.3,10.0,7.5,6.3,9.3,9.6,7.1,8.9,7.6,8.1,8.0,7.82,20.0
7,2017-01-01,LTU,Lithuania,Eastern Europe,8.32,22.0,1.0,,,,6.8,8.2,10.0,10.0,10.0,10.0,10.0,10.0,10.0,,,10.0,10.0,9.4,10.0,10.0,10.0,10.0,,,10.0,9.0,6.4,8.5,10.0,10.0,,,10.0,,,10.0,,,10.0,10.0,10.0,10.0,8.0,8.5,10.0,10.0,10.0,9.5,10.0,10.0,10.0,10.0,7.5,9.2,8.76,25.0,5.7,6.4,8.0,10.0,4.0,7.0,9.8,7.4,5.4,3.8,5.7,8.3,6.7,6.2,9.7,6.5,6.8,1.0,6.6,8.2,9.4,9.3,10.0,9.2,9.0,9.0,6.7,8.2,5.7,9.8,7.7,10.0,5.8,6.9,7.7,6.8,8.2,10.0,10.0,9.0,9.7,8.3,4.0,8.3,8.0,8.5,3.0,6.7,3.4,10.0,9.8,4.9,9.7,8.9,7.8,8.0,7.88,16.0
7,2017-01-01,SGP,Singapore,South Asia,8.11,30.0,1.0,6.9,8.1,8.0,7.7,9.9,10.0,10.0,10.0,10.0,10.0,10.0,10.0,,,7.5,8.8,9.6,10.0,5.0,10.0,8.3,,,5.0,8.6,4.8,6.1,5.0,2.5,,,2.5,,,2.5,,,5.0,3.5,10.0,10.0,2.0,4.5,7.5,7.5,5.0,6.6,7.0,0.0,10.0,5.0,10.0,7.3,7.5,61.0,4.9,9.2,8.0,10.0,10.0,10.0,3.9,7.2,7.8,7.3,8.9,8.3,8.3,7.7,9.0,9.2,8.4,1.0,8.2,10.0,9.5,9.9,10.0,9.9,10.0,10.0,10.0,10.0,8.2,9.2,8.7,10.0,8.5,6.9,10.0,8.5,9.3,10.0,10.0,10.0,10.0,10.0,7.6,8.4,10.0,10,0.0,7.7,7.6,10.0,9.9,8.8,10.0,9.3,9.3,9.0,8.71,2.0
7,2017-01-01,FRA,France,Western Europe,8.02,33.0,1.0,6.8,7.0,6.5,6.8,9.5,10.0,10.0,10.0,10.0,9.9,10.0,10.0,,,7.5,8.8,9.4,10.0,10.0,10.0,10.0,,,7.5,7.1,7.2,7.3,10.0,10.0,,,10.0,,,10.0,,,10.0,10.0,10.0,10.0,8.0,6.8,10.0,10.0,10.0,9.3,10.0,10.0,10.0,10.0,10.0,10.0,8.69,29.0,2.8,2.3,8.0,5.0,2.0,3.5,7.4,4.8,7.1,5.6,7.5,8.3,8.3,6.4,6.8,7.8,6.5,1.0,7.0,8.2,9.9,9.8,10.0,9.5,9.0,9.0,6.7,8.2,5.4,10.0,7.7,10.0,7.2,5.4,7.7,6.8,8.2,8.0,8.8,10.0,8.9,2.2,2.6,6.7,4.0,8.1,10.0,5.6,3.0,8.9,9.9,6.3,7.9,8.4,7.4,7.3,7.35,50.0
7,2017-01-01,IRL,Ireland,Western Europe,8.52,10.0,1.0,,,,7.5,9.6,10.0,10.0,7.5,10.0,10.0,9.5,10.0,,,10.0,10.0,9.7,10.0,10.0,10.0,10.0,,,10.0,8.6,8.7,9.1,10.0,10.0,,,7.5,,,5.0,,,5.0,7.5,10.0,10.0,8.0,8.5,10.0,10.0,10.0,9.5,10.0,10.0,10.0,10.0,10.0,10.0,8.9,19.0,3.7,7.3,10.0,5.0,2.0,3.5,9.1,6.7,8.6,5.2,8.2,10.0,10.0,3.9,7.3,7.9,6.6,1.0,7.5,8.8,9.2,9.9,10.0,9.5,9.0,9.0,6.7,8.2,6.6,9.1,7.8,10.0,8.0,7.7,8.9,8.2,8.6,8.0,9.9,10.0,9.3,8.9,5.0,7.1,10.0,6.4,10.0,7.9,5.0,8.0,9.8,7.3,8.5,9.1,7.9,8.4,8.13,6.0